date,num_of_device,MSA
2019-12-30,23669,Baltimore-Columbia-Towson
2019-12-31,267192,Baltimore-Columbia-Towson
2020-01-01,298696,Baltimore-Columbia-Towson
2020-01-02,318778,Baltimore-Columbia-Towson
2020-01-03,322430,Baltimore-Columbia-Towson
2020-01-04,311435,Baltimore-Columbia-Towson
2020-01-05,304138,Baltimore-Columbia-Towson
2020-01-06,323500,Baltimore-Columbia-Towson
2020-01-07,323867,Baltimore-Columbia-Towson
2020-01-08,319724,Baltimore-Columbia-Towson
2020-01-09,324152,Baltimore-Columbia-Towson
2020-01-10,327808,Baltimore-Columbia-Towson
2020-01-11,317227,Baltimore-Columbia-Towson
2020-01-12,309965,Baltimore-Columbia-Towson
2020-01-13,323371,Baltimore-Columbia-Towson
2020-01-14,323454,Baltimore-Columbia-Towson
2020-01-15,323024,Baltimore-Columbia-Towson
2020-01-16,323832,Baltimore-Columbia-Towson
2020-01-17,330684,Baltimore-Columbia-Towson
2020-01-18,299984,Baltimore-Columbia-Towson
2020-01-19,300285,Baltimore-Columbia-Towson
2020-01-20,309121,Baltimore-Columbia-Towson
2020-01-21,319458,Baltimore-Columbia-Towson
2020-01-22,321699,Baltimore-Columbia-Towson
2020-01-23,326294,Baltimore-Columbia-Towson
2020-01-24,332453,Baltimore-Columbia-Towson
2020-01-25,311715,Baltimore-Columbia-Towson
2020-01-26,304090,Baltimore-Columbia-Towson
2020-01-27,317734,Baltimore-Columbia-Towson
2020-01-28,317427,Baltimore-Columbia-Towson
2020-01-29,319445,Baltimore-Columbia-Towson
2020-01-30,318970,Baltimore-Columbia-Towson
2020-01-31,324216,Baltimore-Columbia-Towson
2020-02-01,308058,Baltimore-Columbia-Towson
2020-02-02,300976,Baltimore-Columbia-Towson
2020-02-03,318123,Baltimore-Columbia-Towson
2020-02-04,319300,Baltimore-Columbia-Towson
2020-02-05,321657,Baltimore-Columbia-Towson
2020-02-06,322962,Baltimore-Columbia-Towson
2020-02-07,327832,Baltimore-Columbia-Towson
2020-02-08,307765,Baltimore-Columbia-Towson
2020-02-09,304529,Baltimore-Columbia-Towson
2020-02-10,320240,Baltimore-Columbia-Towson
2020-02-11,321297,Baltimore-Columbia-Towson
2020-02-12,324484,Baltimore-Columbia-Towson
2020-02-13,325443,Baltimore-Columbia-Towson
2020-02-14,334225,Baltimore-Columbia-Towson
2020-02-15,314685,Baltimore-Columbia-Towson
2020-02-16,308379,Baltimore-Columbia-Towson
2020-02-17,317155,Baltimore-Columbia-Towson
2020-02-18,321193,Baltimore-Columbia-Towson
2020-02-19,322769,Baltimore-Columbia-Towson
2020-02-20,324629,Baltimore-Columbia-Towson
2020-02-21,327479,Baltimore-Columbia-Towson
2020-02-22,310848,Baltimore-Columbia-Towson
2020-02-23,308172,Baltimore-Columbia-Towson
2020-02-24,320107,Baltimore-Columbia-Towson
2020-02-25,320546,Baltimore-Columbia-Towson
2020-02-26,322577,Baltimore-Columbia-Towson
2020-02-27,321658,Baltimore-Columbia-Towson
2020-02-28,325529,Baltimore-Columbia-Towson
2020-02-29,306004,Baltimore-Columbia-Towson
2020-03-01,304017,Baltimore-Columbia-Towson
2020-03-02,319681,Baltimore-Columbia-Towson
2020-03-03,321578,Baltimore-Columbia-Towson
2020-03-04,319636,Baltimore-Columbia-Towson
2020-03-05,321421,Baltimore-Columbia-Towson
2020-03-06,328781,Baltimore-Columbia-Towson
2020-03-07,310193,Baltimore-Columbia-Towson
2020-03-08,305610,Baltimore-Columbia-Towson
2020-03-09,317687,Baltimore-Columbia-Towson
2020-03-10,317803,Baltimore-Columbia-Towson
2020-03-11,316756,Baltimore-Columbia-Towson
2020-03-12,314613,Baltimore-Columbia-Towson
2020-03-13,313625,Baltimore-Columbia-Towson
2020-03-14,290256,Baltimore-Columbia-Towson
2020-03-15,281603,Baltimore-Columbia-Towson
2020-03-16,293858,Baltimore-Columbia-Towson
2020-03-17,286435,Baltimore-Columbia-Towson
2020-03-18,284047,Baltimore-Columbia-Towson
2020-03-19,283948,Baltimore-Columbia-Towson
2020-03-20,282728,Baltimore-Columbia-Towson
2020-03-21,259232,Baltimore-Columbia-Towson
2020-03-22,254605,Baltimore-Columbia-Towson
2020-03-23,269823,Baltimore-Columbia-Towson
2020-03-24,267683,Baltimore-Columbia-Towson
2020-03-25,263886,Baltimore-Columbia-Towson
2020-03-26,267908,Baltimore-Columbia-Towson
2020-03-27,268017,Baltimore-Columbia-Towson
2020-03-28,252840,Baltimore-Columbia-Towson
2020-03-29,250606,Baltimore-Columbia-Towson
2020-03-30,275066,Baltimore-Columbia-Towson
2020-03-31,264546,Baltimore-Columbia-Towson
2020-04-01,264987,Baltimore-Columbia-Towson
2020-04-02,261187,Baltimore-Columbia-Towson
2020-04-03,261859,Baltimore-Columbia-Towson
2020-04-04,247887,Baltimore-Columbia-Towson
2020-04-05,245462,Baltimore-Columbia-Towson
2020-04-06,258810,Baltimore-Columbia-Towson
2020-04-07,261576,Baltimore-Columbia-Towson
2020-04-08,262984,Baltimore-Columbia-Towson
2020-04-09,261925,Baltimore-Columbia-Towson
2020-04-10,256265,Baltimore-Columbia-Towson
2020-04-11,248869,Baltimore-Columbia-Towson
2020-04-12,245635,Baltimore-Columbia-Towson
2020-04-13,261082,Baltimore-Columbia-Towson
2020-04-14,258252,Baltimore-Columbia-Towson
2020-04-15,257891,Baltimore-Columbia-Towson
2020-04-16,256793,Baltimore-Columbia-Towson
2020-04-17,259696,Baltimore-Columbia-Towson
2020-04-18,248621,Baltimore-Columbia-Towson
2020-04-19,245438,Baltimore-Columbia-Towson
2020-04-20,258017,Baltimore-Columbia-Towson
2020-04-21,259816,Baltimore-Columbia-Towson
2020-04-22,258244,Baltimore-Columbia-Towson
2020-04-23,258443,Baltimore-Columbia-Towson
2020-04-24,257930,Baltimore-Columbia-Towson
2020-04-25,254915,Baltimore-Columbia-Towson
2020-04-26,242261,Baltimore-Columbia-Towson
2020-04-27,256198,Baltimore-Columbia-Towson
2020-04-28,257066,Baltimore-Columbia-Towson
2020-04-29,259685,Baltimore-Columbia-Towson
2020-04-30,252451,Baltimore-Columbia-Towson
2020-05-01,258660,Baltimore-Columbia-Towson
2020-05-02,252283,Baltimore-Columbia-Towson
2020-05-03,247036,Baltimore-Columbia-Towson
2020-05-04,255845,Baltimore-Columbia-Towson
2020-05-05,254810,Baltimore-Columbia-Towson
2020-05-06,252533,Baltimore-Columbia-Towson
2020-05-07,255600,Baltimore-Columbia-Towson
2020-05-08,256643,Baltimore-Columbia-Towson
2020-05-09,246978,Baltimore-Columbia-Towson
2020-05-10,248881,Baltimore-Columbia-Towson
2020-05-11,252834,Baltimore-Columbia-Towson
2020-05-12,250076,Baltimore-Columbia-Towson
2020-05-13,254584,Baltimore-Columbia-Towson
2020-05-14,254852,Baltimore-Columbia-Towson
2020-05-15,259580,Baltimore-Columbia-Towson
2020-05-16,250857,Baltimore-Columbia-Towson
2020-05-17,245263,Baltimore-Columbia-Towson
2020-05-18,253473,Baltimore-Columbia-Towson
2020-05-19,253176,Baltimore-Columbia-Towson
2020-05-20,253104,Baltimore-Columbia-Towson
2020-05-21,257641,Baltimore-Columbia-Towson
2020-05-22,258286,Baltimore-Columbia-Towson
2020-05-23,249931,Baltimore-Columbia-Towson
2020-05-24,240710,Baltimore-Columbia-Towson
2020-05-25,248118,Baltimore-Columbia-Towson
2020-05-26,254997,Baltimore-Columbia-Towson
2020-05-27,258361,Baltimore-Columbia-Towson
2020-05-28,256632,Baltimore-Columbia-Towson
2020-05-29,263418,Baltimore-Columbia-Towson
2020-05-30,253794,Baltimore-Columbia-Towson
2020-05-31,249255,Baltimore-Columbia-Towson
2020-06-01,254627,Baltimore-Columbia-Towson
2020-06-02,256976,Baltimore-Columbia-Towson
2020-06-03,259484,Baltimore-Columbia-Towson
2020-06-04,263458,Baltimore-Columbia-Towson
2020-06-05,264647,Baltimore-Columbia-Towson
2020-06-06,252734,Baltimore-Columbia-Towson
2020-06-07,246322,Baltimore-Columbia-Towson
2020-06-08,246775,Baltimore-Columbia-Towson
2020-06-09,229080,Baltimore-Columbia-Towson
2020-06-10,14445,Baltimore-Columbia-Towson
2020-06-11,25730,Baltimore-Columbia-Towson
2020-06-12,215026,Baltimore-Columbia-Towson
2020-06-13,251693,Baltimore-Columbia-Towson
2020-06-14,247290,Baltimore-Columbia-Towson
2020-06-15,253482,Baltimore-Columbia-Towson
2020-06-16,251531,Baltimore-Columbia-Towson
2020-06-17,256024,Baltimore-Columbia-Towson
2020-06-18,255735,Baltimore-Columbia-Towson
2020-06-19,264526,Baltimore-Columbia-Towson
2020-06-20,257870,Baltimore-Columbia-Towson
2020-06-21,252405,Baltimore-Columbia-Towson
2020-06-22,257440,Baltimore-Columbia-Towson
2020-06-23,254701,Baltimore-Columbia-Towson
2020-06-24,250773,Baltimore-Columbia-Towson
2020-06-25,257490,Baltimore-Columbia-Towson
2020-06-26,256350,Baltimore-Columbia-Towson
2020-06-27,251361,Baltimore-Columbia-Towson
2020-06-28,242487,Baltimore-Columbia-Towson
2020-06-29,240049,Baltimore-Columbia-Towson
2020-06-30,218854,Baltimore-Columbia-Towson
2020-07-01,7,Baltimore-Columbia-Towson
2019-12-30,27344,Boston-Cambridge-Newton
2019-12-31,286025,Boston-Cambridge-Newton
2020-01-01,307655,Boston-Cambridge-Newton
2020-01-02,322296,Boston-Cambridge-Newton
2020-01-03,325677,Boston-Cambridge-Newton
2020-01-04,317546,Boston-Cambridge-Newton
2020-01-05,314159,Boston-Cambridge-Newton
2020-01-06,326470,Boston-Cambridge-Newton
2020-01-07,324585,Boston-Cambridge-Newton
2020-01-08,326232,Boston-Cambridge-Newton
2020-01-09,323782,Boston-Cambridge-Newton
2020-01-10,327759,Boston-Cambridge-Newton
2020-01-11,319162,Boston-Cambridge-Newton
2020-01-12,317459,Boston-Cambridge-Newton
2020-01-13,327412,Boston-Cambridge-Newton
2020-01-14,326038,Boston-Cambridge-Newton
2020-01-15,325507,Boston-Cambridge-Newton
2020-01-16,325785,Boston-Cambridge-Newton
2020-01-17,330481,Boston-Cambridge-Newton
2020-01-18,317872,Boston-Cambridge-Newton
2020-01-19,309530,Boston-Cambridge-Newton
2020-01-20,322455,Boston-Cambridge-Newton
2020-01-21,324706,Boston-Cambridge-Newton
2020-01-22,325048,Boston-Cambridge-Newton
2020-01-23,325640,Boston-Cambridge-Newton
2020-01-24,327002,Boston-Cambridge-Newton
2020-01-25,316941,Boston-Cambridge-Newton
2020-01-26,315747,Boston-Cambridge-Newton
2020-01-27,325185,Boston-Cambridge-Newton
2020-01-28,323310,Boston-Cambridge-Newton
2020-01-29,323682,Boston-Cambridge-Newton
2020-01-30,323416,Boston-Cambridge-Newton
2020-01-31,326567,Boston-Cambridge-Newton
2020-02-01,316222,Boston-Cambridge-Newton
2020-02-02,313130,Boston-Cambridge-Newton
2020-02-03,323231,Boston-Cambridge-Newton
2020-02-04,323016,Boston-Cambridge-Newton
2020-02-05,325537,Boston-Cambridge-Newton
2020-02-06,323804,Boston-Cambridge-Newton
2020-02-07,328487,Boston-Cambridge-Newton
2020-02-08,316736,Boston-Cambridge-Newton
2020-02-09,314675,Boston-Cambridge-Newton
2020-02-10,323735,Boston-Cambridge-Newton
2020-02-11,323760,Boston-Cambridge-Newton
2020-02-12,326708,Boston-Cambridge-Newton
2020-02-13,323510,Boston-Cambridge-Newton
2020-02-14,329178,Boston-Cambridge-Newton
2020-02-15,313033,Boston-Cambridge-Newton
2020-02-16,305076,Boston-Cambridge-Newton
2020-02-17,311885,Boston-Cambridge-Newton
2020-02-18,312623,Boston-Cambridge-Newton
2020-02-19,314066,Boston-Cambridge-Newton
2020-02-20,314750,Boston-Cambridge-Newton
2020-02-21,318527,Boston-Cambridge-Newton
2020-02-22,309349,Boston-Cambridge-Newton
2020-02-23,309957,Boston-Cambridge-Newton
2020-02-24,318626,Boston-Cambridge-Newton
2020-02-25,319328,Boston-Cambridge-Newton
2020-02-26,319620,Boston-Cambridge-Newton
2020-02-27,319057,Boston-Cambridge-Newton
2020-02-28,322269,Boston-Cambridge-Newton
2020-02-29,312230,Boston-Cambridge-Newton
2020-03-01,312531,Boston-Cambridge-Newton
2020-03-02,318767,Boston-Cambridge-Newton
2020-03-03,319522,Boston-Cambridge-Newton
2020-03-04,317964,Boston-Cambridge-Newton
2020-03-05,320497,Boston-Cambridge-Newton
2020-03-06,324836,Boston-Cambridge-Newton
2020-03-07,310188,Boston-Cambridge-Newton
2020-03-08,308394,Boston-Cambridge-Newton
2020-03-09,316548,Boston-Cambridge-Newton
2020-03-10,315632,Boston-Cambridge-Newton
2020-03-11,314775,Boston-Cambridge-Newton
2020-03-12,314670,Boston-Cambridge-Newton
2020-03-13,319563,Boston-Cambridge-Newton
2020-03-14,303967,Boston-Cambridge-Newton
2020-03-15,299843,Boston-Cambridge-Newton
2020-03-16,306954,Boston-Cambridge-Newton
2020-03-17,301069,Boston-Cambridge-Newton
2020-03-18,302034,Boston-Cambridge-Newton
2020-03-19,297631,Boston-Cambridge-Newton
2020-03-20,298393,Boston-Cambridge-Newton
2020-03-21,281791,Boston-Cambridge-Newton
2020-03-22,277727,Boston-Cambridge-Newton
2020-03-23,294346,Boston-Cambridge-Newton
2020-03-24,288929,Boston-Cambridge-Newton
2020-03-25,287698,Boston-Cambridge-Newton
2020-03-26,289861,Boston-Cambridge-Newton
2020-03-27,290484,Boston-Cambridge-Newton
2020-03-28,283930,Boston-Cambridge-Newton
2020-03-29,276475,Boston-Cambridge-Newton
2020-03-30,293684,Boston-Cambridge-Newton
2020-03-31,292713,Boston-Cambridge-Newton
2020-04-01,293186,Boston-Cambridge-Newton
2020-04-02,287901,Boston-Cambridge-Newton
2020-04-03,285246,Boston-Cambridge-Newton
2020-04-04,278384,Boston-Cambridge-Newton
2020-04-05,274134,Boston-Cambridge-Newton
2020-04-06,285931,Boston-Cambridge-Newton
2020-04-07,286548,Boston-Cambridge-Newton
2020-04-08,285274,Boston-Cambridge-Newton
2020-04-09,283712,Boston-Cambridge-Newton
2020-04-10,285261,Boston-Cambridge-Newton
2020-04-11,278595,Boston-Cambridge-Newton
2020-04-12,274690,Boston-Cambridge-Newton
2020-04-13,282030,Boston-Cambridge-Newton
2020-04-14,284268,Boston-Cambridge-Newton
2020-04-15,283736,Boston-Cambridge-Newton
2020-04-16,282175,Boston-Cambridge-Newton
2020-04-17,284369,Boston-Cambridge-Newton
2020-04-18,271924,Boston-Cambridge-Newton
2020-04-19,275371,Boston-Cambridge-Newton
2020-04-20,281937,Boston-Cambridge-Newton
2020-04-21,283449,Boston-Cambridge-Newton
2020-04-22,279991,Boston-Cambridge-Newton
2020-04-23,282936,Boston-Cambridge-Newton
2020-04-24,280437,Boston-Cambridge-Newton
2020-04-25,282041,Boston-Cambridge-Newton
2020-04-26,272548,Boston-Cambridge-Newton
2020-04-27,276215,Boston-Cambridge-Newton
2020-04-28,280228,Boston-Cambridge-Newton
2020-04-29,281083,Boston-Cambridge-Newton
2020-04-30,276481,Boston-Cambridge-Newton
2020-05-01,279043,Boston-Cambridge-Newton
2020-05-02,275298,Boston-Cambridge-Newton
2020-05-03,273279,Boston-Cambridge-Newton
2020-05-04,279676,Boston-Cambridge-Newton
2020-05-05,276610,Boston-Cambridge-Newton
2020-05-06,276096,Boston-Cambridge-Newton
2020-05-07,274990,Boston-Cambridge-Newton
2020-05-08,276042,Boston-Cambridge-Newton
2020-05-09,268850,Boston-Cambridge-Newton
2020-05-10,270863,Boston-Cambridge-Newton
2020-05-11,278612,Boston-Cambridge-Newton
2020-05-12,272020,Boston-Cambridge-Newton
2020-05-13,274169,Boston-Cambridge-Newton
2020-05-14,275341,Boston-Cambridge-Newton
2020-05-15,286403,Boston-Cambridge-Newton
2020-05-16,273820,Boston-Cambridge-Newton
2020-05-17,269887,Boston-Cambridge-Newton
2020-05-18,275024,Boston-Cambridge-Newton
2020-05-19,273425,Boston-Cambridge-Newton
2020-05-20,273718,Boston-Cambridge-Newton
2020-05-21,275155,Boston-Cambridge-Newton
2020-05-22,277157,Boston-Cambridge-Newton
2020-05-23,267492,Boston-Cambridge-Newton
2020-05-24,263114,Boston-Cambridge-Newton
2020-05-25,270176,Boston-Cambridge-Newton
2020-05-26,274994,Boston-Cambridge-Newton
2020-05-27,277573,Boston-Cambridge-Newton
2020-05-28,278102,Boston-Cambridge-Newton
2020-05-29,280908,Boston-Cambridge-Newton
2020-05-30,273629,Boston-Cambridge-Newton
2020-05-31,269733,Boston-Cambridge-Newton
2020-06-01,274765,Boston-Cambridge-Newton
2020-06-02,277464,Boston-Cambridge-Newton
2020-06-03,279183,Boston-Cambridge-Newton
2020-06-04,277372,Boston-Cambridge-Newton
2020-06-05,280155,Boston-Cambridge-Newton
2020-06-06,279479,Boston-Cambridge-Newton
2020-06-07,267967,Boston-Cambridge-Newton
2020-06-08,265572,Boston-Cambridge-Newton
2020-06-09,248702,Boston-Cambridge-Newton
2020-06-10,12478,Boston-Cambridge-Newton
2020-06-11,31801,Boston-Cambridge-Newton
2020-06-12,244055,Boston-Cambridge-Newton
2020-06-13,266152,Boston-Cambridge-Newton
2020-06-14,264108,Boston-Cambridge-Newton
2020-06-15,269893,Boston-Cambridge-Newton
2020-06-16,267505,Boston-Cambridge-Newton
2020-06-17,269239,Boston-Cambridge-Newton
2020-06-18,268498,Boston-Cambridge-Newton
2020-06-19,271235,Boston-Cambridge-Newton
2020-06-20,266031,Boston-Cambridge-Newton
2020-06-21,271336,Boston-Cambridge-Newton
2020-06-22,270682,Boston-Cambridge-Newton
2020-06-23,270094,Boston-Cambridge-Newton
2020-06-24,277206,Boston-Cambridge-Newton
2020-06-25,269518,Boston-Cambridge-Newton
2020-06-26,274693,Boston-Cambridge-Newton
2020-06-27,269633,Boston-Cambridge-Newton
2020-06-28,271784,Boston-Cambridge-Newton
2020-06-29,264308,Boston-Cambridge-Newton
2020-06-30,240185,Boston-Cambridge-Newton
2020-07-01,9,Boston-Cambridge-Newton
2019-12-29,46,Champaign-Urbana
2019-12-30,1238,Champaign-Urbana
2019-12-31,13984,Champaign-Urbana
2020-01-01,17214,Champaign-Urbana
2020-01-02,18829,Champaign-Urbana
2020-01-03,19985,Champaign-Urbana
2020-01-04,19916,Champaign-Urbana
2020-01-05,18864,Champaign-Urbana
2020-01-06,18413,Champaign-Urbana
2020-01-07,18350,Champaign-Urbana
2020-01-08,18484,Champaign-Urbana
2020-01-09,19264,Champaign-Urbana
2020-01-10,20177,Champaign-Urbana
2020-01-11,18984,Champaign-Urbana
2020-01-12,17883,Champaign-Urbana
2020-01-13,18378,Champaign-Urbana
2020-01-14,18496,Champaign-Urbana
2020-01-15,18453,Champaign-Urbana
2020-01-16,19058,Champaign-Urbana
2020-01-17,20121,Champaign-Urbana
2020-01-18,18931,Champaign-Urbana
2020-01-19,19311,Champaign-Urbana
2020-01-20,20801,Champaign-Urbana
2020-01-21,20002,Champaign-Urbana
2020-01-22,20434,Champaign-Urbana
2020-01-23,20335,Champaign-Urbana
2020-01-24,21185,Champaign-Urbana
2020-01-25,20400,Champaign-Urbana
2020-01-26,19512,Champaign-Urbana
2020-01-27,19827,Champaign-Urbana
2020-01-28,19989,Champaign-Urbana
2020-01-29,20330,Champaign-Urbana
2020-01-30,20813,Champaign-Urbana
2020-01-31,21380,Champaign-Urbana
2020-02-01,20046,Champaign-Urbana
2020-02-02,19142,Champaign-Urbana
2020-02-03,19811,Champaign-Urbana
2020-02-04,20171,Champaign-Urbana
2020-02-05,19968,Champaign-Urbana
2020-02-06,20298,Champaign-Urbana
2020-02-07,22183,Champaign-Urbana
2020-02-08,20555,Champaign-Urbana
2020-02-09,19647,Champaign-Urbana
2020-02-10,19755,Champaign-Urbana
2020-02-11,20757,Champaign-Urbana
2020-02-12,20520,Champaign-Urbana
2020-02-13,20066,Champaign-Urbana
2020-02-14,21868,Champaign-Urbana
2020-02-15,20460,Champaign-Urbana
2020-02-16,20068,Champaign-Urbana
2020-02-17,21278,Champaign-Urbana
2020-02-18,20192,Champaign-Urbana
2020-02-19,20584,Champaign-Urbana
2020-02-20,21524,Champaign-Urbana
2020-02-21,22484,Champaign-Urbana
2020-02-22,21762,Champaign-Urbana
2020-02-23,20438,Champaign-Urbana
2020-02-24,20365,Champaign-Urbana
2020-02-25,20348,Champaign-Urbana
2020-02-26,19750,Champaign-Urbana
2020-02-27,20847,Champaign-Urbana
2020-02-28,22172,Champaign-Urbana
2020-02-29,21011,Champaign-Urbana
2020-03-01,21456,Champaign-Urbana
2020-03-02,20219,Champaign-Urbana
2020-03-03,20279,Champaign-Urbana
2020-03-04,20677,Champaign-Urbana
2020-03-05,21116,Champaign-Urbana
2020-03-06,23131,Champaign-Urbana
2020-03-07,21725,Champaign-Urbana
2020-03-08,21642,Champaign-Urbana
2020-03-09,20995,Champaign-Urbana
2020-03-10,20994,Champaign-Urbana
2020-03-11,21068,Champaign-Urbana
2020-03-12,21863,Champaign-Urbana
2020-03-13,22882,Champaign-Urbana
2020-03-14,18889,Champaign-Urbana
2020-03-15,17672,Champaign-Urbana
2020-03-16,18181,Champaign-Urbana
2020-03-17,17988,Champaign-Urbana
2020-03-18,18284,Champaign-Urbana
2020-03-19,19020,Champaign-Urbana
2020-03-20,19361,Champaign-Urbana
2020-03-21,17099,Champaign-Urbana
2020-03-22,15228,Champaign-Urbana
2020-03-23,16935,Champaign-Urbana
2020-03-24,17271,Champaign-Urbana
2020-03-25,17108,Champaign-Urbana
2020-03-26,17460,Champaign-Urbana
2020-03-27,17482,Champaign-Urbana
2020-03-28,16533,Champaign-Urbana
2020-03-29,15466,Champaign-Urbana
2020-03-30,17003,Champaign-Urbana
2020-03-31,16876,Champaign-Urbana
2020-04-01,17074,Champaign-Urbana
2020-04-02,16935,Champaign-Urbana
2020-04-03,17340,Champaign-Urbana
2020-04-04,15538,Champaign-Urbana
2020-04-05,15128,Champaign-Urbana
2020-04-06,16467,Champaign-Urbana
2020-04-07,17039,Champaign-Urbana
2020-04-08,17930,Champaign-Urbana
2020-04-09,17136,Champaign-Urbana
2020-04-10,16733,Champaign-Urbana
2020-04-11,15920,Champaign-Urbana
2020-04-12,14902,Champaign-Urbana
2020-04-13,16311,Champaign-Urbana
2020-04-14,16730,Champaign-Urbana
2020-04-15,17122,Champaign-Urbana
2020-04-16,16996,Champaign-Urbana
2020-04-17,16918,Champaign-Urbana
2020-04-18,15916,Champaign-Urbana
2020-04-19,15434,Champaign-Urbana
2020-04-20,16863,Champaign-Urbana
2020-04-21,16791,Champaign-Urbana
2020-04-22,17305,Champaign-Urbana
2020-04-23,17153,Champaign-Urbana
2020-04-24,17871,Champaign-Urbana
2020-04-25,16539,Champaign-Urbana
2020-04-26,16098,Champaign-Urbana
2020-04-27,17206,Champaign-Urbana
2020-04-28,18041,Champaign-Urbana
2020-04-29,17641,Champaign-Urbana
2020-04-30,17465,Champaign-Urbana
2020-05-01,18540,Champaign-Urbana
2020-05-02,17650,Champaign-Urbana
2020-05-03,16897,Champaign-Urbana
2020-05-04,17527,Champaign-Urbana
2020-05-05,17309,Champaign-Urbana
2020-05-06,17660,Champaign-Urbana
2020-05-07,17968,Champaign-Urbana
2020-05-08,18375,Champaign-Urbana
2020-05-09,17347,Champaign-Urbana
2020-05-10,16628,Champaign-Urbana
2020-05-11,17280,Champaign-Urbana
2020-05-12,17092,Champaign-Urbana
2020-05-13,17929,Champaign-Urbana
2020-05-14,18573,Champaign-Urbana
2020-05-15,18906,Champaign-Urbana
2020-05-16,18076,Champaign-Urbana
2020-05-17,17176,Champaign-Urbana
2020-05-18,18220,Champaign-Urbana
2020-05-19,18319,Champaign-Urbana
2020-05-20,18116,Champaign-Urbana
2020-05-21,18675,Champaign-Urbana
2020-05-22,19544,Champaign-Urbana
2020-05-23,18155,Champaign-Urbana
2020-05-24,17194,Champaign-Urbana
2020-05-25,18535,Champaign-Urbana
2020-05-26,18386,Champaign-Urbana
2020-05-27,18751,Champaign-Urbana
2020-05-28,18955,Champaign-Urbana
2020-05-29,19445,Champaign-Urbana
2020-05-30,17974,Champaign-Urbana
2020-05-31,17587,Champaign-Urbana
2020-06-01,18005,Champaign-Urbana
2020-06-02,17999,Champaign-Urbana
2020-06-03,19296,Champaign-Urbana
2020-06-04,19262,Champaign-Urbana
2020-06-05,19632,Champaign-Urbana
2020-06-06,17673,Champaign-Urbana
2020-06-07,17384,Champaign-Urbana
2020-06-08,17688,Champaign-Urbana
2020-06-09,16629,Champaign-Urbana
2020-06-10,1439,Champaign-Urbana
2020-06-11,1594,Champaign-Urbana
2020-06-12,13730,Champaign-Urbana
2020-06-13,18245,Champaign-Urbana
2020-06-14,18178,Champaign-Urbana
2020-06-15,18274,Champaign-Urbana
2020-06-16,18011,Champaign-Urbana
2020-06-17,18402,Champaign-Urbana
2020-06-18,18618,Champaign-Urbana
2020-06-19,20353,Champaign-Urbana
2020-06-20,19284,Champaign-Urbana
2020-06-21,19065,Champaign-Urbana
2020-06-22,19239,Champaign-Urbana
2020-06-23,18870,Champaign-Urbana
2020-06-24,19071,Champaign-Urbana
2020-06-25,19220,Champaign-Urbana
2020-06-26,20711,Champaign-Urbana
2020-06-27,19207,Champaign-Urbana
2020-06-28,19051,Champaign-Urbana
2020-06-29,18464,Champaign-Urbana
2020-06-30,16089,Champaign-Urbana
2019-12-29,36,Cheyenne
2019-12-30,790,Cheyenne
2019-12-31,6593,Cheyenne
2020-01-01,7227,Cheyenne
2020-01-02,8843,Cheyenne
2020-01-03,8427,Cheyenne
2020-01-04,8797,Cheyenne
2020-01-05,8617,Cheyenne
2020-01-06,7845,Cheyenne
2020-01-07,8261,Cheyenne
2020-01-08,8637,Cheyenne
2020-01-09,8625,Cheyenne
2020-01-10,8810,Cheyenne
2020-01-11,8689,Cheyenne
2020-01-12,8422,Cheyenne
2020-01-13,8143,Cheyenne
2020-01-14,8274,Cheyenne
2020-01-15,8413,Cheyenne
2020-01-16,8474,Cheyenne
2020-01-17,8365,Cheyenne
2020-01-18,7931,Cheyenne
2020-01-19,9031,Cheyenne
2020-01-20,8227,Cheyenne
2020-01-21,8319,Cheyenne
2020-01-22,8506,Cheyenne
2020-01-23,8470,Cheyenne
2020-01-24,8798,Cheyenne
2020-01-25,8779,Cheyenne
2020-01-26,8596,Cheyenne
2020-01-27,8001,Cheyenne
2020-01-28,8137,Cheyenne
2020-01-29,8545,Cheyenne
2020-01-30,8304,Cheyenne
2020-01-31,8346,Cheyenne
2020-02-01,8325,Cheyenne
2020-02-02,8731,Cheyenne
2020-02-03,7288,Cheyenne
2020-02-04,7452,Cheyenne
2020-02-05,8587,Cheyenne
2020-02-06,8168,Cheyenne
2020-02-07,8450,Cheyenne
2020-02-08,8464,Cheyenne
2020-02-09,8569,Cheyenne
2020-02-10,8063,Cheyenne
2020-02-11,8330,Cheyenne
2020-02-12,8795,Cheyenne
2020-02-13,8617,Cheyenne
2020-02-14,8548,Cheyenne
2020-02-15,8100,Cheyenne
2020-02-16,8091,Cheyenne
2020-02-17,8454,Cheyenne
2020-02-18,8434,Cheyenne
2020-02-19,8569,Cheyenne
2020-02-20,8637,Cheyenne
2020-02-21,8956,Cheyenne
2020-02-22,8934,Cheyenne
2020-02-23,8410,Cheyenne
2020-02-24,7901,Cheyenne
2020-02-25,7968,Cheyenne
2020-02-26,8598,Cheyenne
2020-02-27,8582,Cheyenne
2020-02-28,8866,Cheyenne
2020-02-29,8959,Cheyenne
2020-03-01,8207,Cheyenne
2020-03-02,7337,Cheyenne
2020-03-03,7517,Cheyenne
2020-03-04,8374,Cheyenne
2020-03-05,8480,Cheyenne
2020-03-06,8771,Cheyenne
2020-03-07,8731,Cheyenne
2020-03-08,8556,Cheyenne
2020-03-09,8049,Cheyenne
2020-03-10,8206,Cheyenne
2020-03-11,8585,Cheyenne
2020-03-12,8833,Cheyenne
2020-03-13,8829,Cheyenne
2020-03-14,8749,Cheyenne
2020-03-15,8799,Cheyenne
2020-03-16,8237,Cheyenne
2020-03-17,8477,Cheyenne
2020-03-18,8749,Cheyenne
2020-03-19,7288,Cheyenne
2020-03-20,7796,Cheyenne
2020-03-21,8648,Cheyenne
2020-03-22,8014,Cheyenne
2020-03-23,7967,Cheyenne
2020-03-24,8020,Cheyenne
2020-03-25,8083,Cheyenne
2020-03-26,7893,Cheyenne
2020-03-27,7780,Cheyenne
2020-03-28,7776,Cheyenne
2020-03-29,7637,Cheyenne
2020-03-30,7682,Cheyenne
2020-03-31,7749,Cheyenne
2020-04-01,8066,Cheyenne
2020-04-02,7486,Cheyenne
2020-04-03,7849,Cheyenne
2020-04-04,7824,Cheyenne
2020-04-05,7344,Cheyenne
2020-04-06,7288,Cheyenne
2020-04-07,7450,Cheyenne
2020-04-08,7747,Cheyenne
2020-04-09,7539,Cheyenne
2020-04-10,7730,Cheyenne
2020-04-11,7698,Cheyenne
2020-04-12,6700,Cheyenne
2020-04-13,7051,Cheyenne
2020-04-14,7445,Cheyenne
2020-04-15,7643,Cheyenne
2020-04-16,6852,Cheyenne
2020-04-17,7716,Cheyenne
2020-04-18,7769,Cheyenne
2020-04-19,7396,Cheyenne
2020-04-20,7223,Cheyenne
2020-04-21,7541,Cheyenne
2020-04-22,7813,Cheyenne
2020-04-23,7810,Cheyenne
2020-04-24,7814,Cheyenne
2020-04-25,8110,Cheyenne
2020-04-26,7623,Cheyenne
2020-04-27,7467,Cheyenne
2020-04-28,7647,Cheyenne
2020-04-29,7996,Cheyenne
2020-04-30,7955,Cheyenne
2020-05-01,8401,Cheyenne
2020-05-02,8234,Cheyenne
2020-05-03,7982,Cheyenne
2020-05-04,7567,Cheyenne
2020-05-05,7783,Cheyenne
2020-05-06,8076,Cheyenne
2020-05-07,7889,Cheyenne
2020-05-08,8217,Cheyenne
2020-05-09,8417,Cheyenne
2020-05-10,8049,Cheyenne
2020-05-11,7679,Cheyenne
2020-05-12,7735,Cheyenne
2020-05-13,8112,Cheyenne
2020-05-14,8291,Cheyenne
2020-05-15,8505,Cheyenne
2020-05-16,8531,Cheyenne
2020-05-17,8268,Cheyenne
2020-05-18,7679,Cheyenne
2020-05-19,8164,Cheyenne
2020-05-20,8688,Cheyenne
2020-05-21,8571,Cheyenne
2020-05-22,8846,Cheyenne
2020-05-23,8823,Cheyenne
2020-05-24,8312,Cheyenne
2020-05-25,8453,Cheyenne
2020-05-26,7941,Cheyenne
2020-05-27,8465,Cheyenne
2020-05-28,8683,Cheyenne
2020-05-29,8892,Cheyenne
2020-05-30,9262,Cheyenne
2020-05-31,9090,Cheyenne
2020-06-01,8188,Cheyenne
2020-06-02,8621,Cheyenne
2020-06-03,8900,Cheyenne
2020-06-04,8687,Cheyenne
2020-06-05,9129,Cheyenne
2020-06-06,9384,Cheyenne
2020-06-07,9009,Cheyenne
2020-06-08,8025,Cheyenne
2020-06-09,6743,Cheyenne
2020-06-10,320,Cheyenne
2020-06-11,786,Cheyenne
2020-06-12,6660,Cheyenne
2020-06-13,9593,Cheyenne
2020-06-14,9463,Cheyenne
2020-06-15,8121,Cheyenne
2020-06-16,8223,Cheyenne
2020-06-17,8681,Cheyenne
2020-06-18,8681,Cheyenne
2020-06-19,9642,Cheyenne
2020-06-20,9436,Cheyenne
2020-06-21,9791,Cheyenne
2020-06-22,8220,Cheyenne
2020-06-23,8350,Cheyenne
2020-06-24,8953,Cheyenne
2020-06-25,9393,Cheyenne
2020-06-26,9993,Cheyenne
2020-06-27,9934,Cheyenne
2020-06-28,10019,Cheyenne
2020-06-29,8300,Cheyenne
2020-06-30,6834,Cheyenne
2019-12-29,762,Fresno
2019-12-30,8359,Fresno
2019-12-31,84840,Fresno
2020-01-01,93803,Fresno
2020-01-02,97140,Fresno
2020-01-03,96454,Fresno
2020-01-04,94985,Fresno
2020-01-05,94513,Fresno
2020-01-06,91905,Fresno
2020-01-07,89945,Fresno
2020-01-08,90457,Fresno
2020-01-09,91152,Fresno
2020-01-10,93957,Fresno
2020-01-11,90498,Fresno
2020-01-12,91225,Fresno
2020-01-13,92040,Fresno
2020-01-14,90969,Fresno
2020-01-15,91129,Fresno
2020-01-16,92698,Fresno
2020-01-17,97295,Fresno
2020-01-18,92952,Fresno
2020-01-19,91461,Fresno
2020-01-20,96370,Fresno
2020-01-21,91209,Fresno
2020-01-22,91057,Fresno
2020-01-23,91649,Fresno
2020-01-24,94882,Fresno
2020-01-25,91611,Fresno
2020-01-26,92480,Fresno
2020-01-27,92123,Fresno
2020-01-28,91090,Fresno
2020-01-29,90456,Fresno
2020-01-30,90959,Fresno
2020-01-31,94472,Fresno
2020-02-01,91779,Fresno
2020-02-02,90568,Fresno
2020-02-03,91707,Fresno
2020-02-04,89970,Fresno
2020-02-05,90633,Fresno
2020-02-06,91663,Fresno
2020-02-07,95701,Fresno
2020-02-08,91602,Fresno
2020-02-09,92278,Fresno
2020-02-10,92147,Fresno
2020-02-11,91496,Fresno
2020-02-12,92280,Fresno
2020-02-13,93685,Fresno
2020-02-14,98991,Fresno
2020-02-15,93061,Fresno
2020-02-16,91842,Fresno
2020-02-17,97979,Fresno
2020-02-18,92015,Fresno
2020-02-19,92127,Fresno
2020-02-20,93039,Fresno
2020-02-21,96715,Fresno
2020-02-22,92645,Fresno
2020-02-23,93965,Fresno
2020-02-24,91602,Fresno
2020-02-25,90634,Fresno
2020-02-26,90718,Fresno
2020-02-27,91632,Fresno
2020-02-28,95010,Fresno
2020-02-29,91271,Fresno
2020-03-01,93295,Fresno
2020-03-02,91188,Fresno
2020-03-03,89863,Fresno
2020-03-04,89804,Fresno
2020-03-05,91267,Fresno
2020-03-06,95186,Fresno
2020-03-07,91228,Fresno
2020-03-08,92166,Fresno
2020-03-09,91774,Fresno
2020-03-10,91667,Fresno
2020-03-11,91180,Fresno
2020-03-12,91933,Fresno
2020-03-13,95267,Fresno
2020-03-14,92014,Fresno
2020-03-15,91740,Fresno
2020-03-16,92768,Fresno
2020-03-17,91031,Fresno
2020-03-18,90393,Fresno
2020-03-19,91000,Fresno
2020-03-20,89564,Fresno
2020-03-21,84145,Fresno
2020-03-22,83337,Fresno
2020-03-23,87393,Fresno
2020-03-24,86146,Fresno
2020-03-25,86204,Fresno
2020-03-26,85719,Fresno
2020-03-27,85619,Fresno
2020-03-28,83019,Fresno
2020-03-29,82166,Fresno
2020-03-30,87149,Fresno
2020-03-31,86073,Fresno
2020-04-01,86101,Fresno
2020-04-02,85407,Fresno
2020-04-03,86729,Fresno
2020-04-04,83564,Fresno
2020-04-05,81154,Fresno
2020-04-06,84660,Fresno
2020-04-07,84570,Fresno
2020-04-08,84347,Fresno
2020-04-09,83975,Fresno
2020-04-10,84733,Fresno
2020-04-11,82278,Fresno
2020-04-12,80706,Fresno
2020-04-13,84181,Fresno
2020-04-14,83951,Fresno
2020-04-15,84301,Fresno
2020-04-16,84444,Fresno
2020-04-17,85418,Fresno
2020-04-18,82704,Fresno
2020-04-19,81407,Fresno
2020-04-20,84875,Fresno
2020-04-21,83959,Fresno
2020-04-22,84203,Fresno
2020-04-23,84177,Fresno
2020-04-24,85393,Fresno
2020-04-25,83599,Fresno
2020-04-26,81957,Fresno
2020-04-27,84091,Fresno
2020-04-28,83432,Fresno
2020-04-29,83260,Fresno
2020-04-30,83472,Fresno
2020-05-01,85111,Fresno
2020-05-02,82448,Fresno
2020-05-03,81251,Fresno
2020-05-04,83197,Fresno
2020-05-05,82285,Fresno
2020-05-06,81722,Fresno
2020-05-07,82272,Fresno
2020-05-08,83734,Fresno
2020-05-09,82393,Fresno
2020-05-10,82325,Fresno
2020-05-11,82537,Fresno
2020-05-12,81176,Fresno
2020-05-13,81605,Fresno
2020-05-14,81970,Fresno
2020-05-15,84375,Fresno
2020-05-16,82176,Fresno
2020-05-17,81463,Fresno
2020-05-18,82628,Fresno
2020-05-19,81844,Fresno
2020-05-20,81482,Fresno
2020-05-21,83232,Fresno
2020-05-22,85843,Fresno
2020-05-23,83242,Fresno
2020-05-24,81276,Fresno
2020-05-25,83911,Fresno
2020-05-26,82479,Fresno
2020-05-27,82069,Fresno
2020-05-28,81841,Fresno
2020-05-29,84204,Fresno
2020-05-30,82280,Fresno
2020-05-31,81288,Fresno
2020-06-01,81956,Fresno
2020-06-02,81564,Fresno
2020-06-03,81892,Fresno
2020-06-04,82170,Fresno
2020-06-05,84167,Fresno
2020-06-06,81626,Fresno
2020-06-07,80818,Fresno
2020-06-08,79678,Fresno
2020-06-09,71113,Fresno
2020-06-10,3128,Fresno
2020-06-11,7244,Fresno
2020-06-12,74923,Fresno
2020-06-13,82342,Fresno
2020-06-14,82104,Fresno
2020-06-15,82053,Fresno
2020-06-16,80211,Fresno
2020-06-17,80872,Fresno
2020-06-18,81355,Fresno
2020-06-19,84645,Fresno
2020-06-20,82051,Fresno
2020-06-21,82393,Fresno
2020-06-22,81574,Fresno
2020-06-23,80550,Fresno
2020-06-24,80464,Fresno
2020-06-25,81698,Fresno
2020-06-26,83595,Fresno
2020-06-27,80639,Fresno
2020-06-28,80652,Fresno
2020-06-29,78245,Fresno
2020-06-30,67798,Fresno
2020-07-01,5,Fresno
1952-01-01,1,LosAngeles-LongBeach-Anaheim
1986-01-01,1,LosAngeles-LongBeach-Anaheim
2001-05-20,1,LosAngeles-LongBeach-Anaheim
2004-03-20,1,LosAngeles-LongBeach-Anaheim
2006-03-20,1,LosAngeles-LongBeach-Anaheim
2009-02-20,1,LosAngeles-LongBeach-Anaheim
2010-03-20,1,LosAngeles-LongBeach-Anaheim
2015-04-20,1,LosAngeles-LongBeach-Anaheim
2019-12-29,434,LosAngeles-LongBeach-Anaheim
2019-12-30,3696,LosAngeles-LongBeach-Anaheim
2019-12-31,14999,LosAngeles-LongBeach-Anaheim
2020-01-01,558441,LosAngeles-LongBeach-Anaheim
2020-01-02,583347,LosAngeles-LongBeach-Anaheim
2020-01-03,580907,LosAngeles-LongBeach-Anaheim
2020-01-04,571266,LosAngeles-LongBeach-Anaheim
2020-01-05,566069,LosAngeles-LongBeach-Anaheim
2020-01-06,583875,LosAngeles-LongBeach-Anaheim
2020-01-07,575052,LosAngeles-LongBeach-Anaheim
2020-01-08,575563,LosAngeles-LongBeach-Anaheim
2020-01-09,578335,LosAngeles-LongBeach-Anaheim
2020-01-10,586076,LosAngeles-LongBeach-Anaheim
2020-01-11,566778,LosAngeles-LongBeach-Anaheim
2020-01-12,562657,LosAngeles-LongBeach-Anaheim
2020-01-13,578475,LosAngeles-LongBeach-Anaheim
2020-01-14,578047,LosAngeles-LongBeach-Anaheim
2020-01-15,576427,LosAngeles-LongBeach-Anaheim
2020-01-16,576526,LosAngeles-LongBeach-Anaheim
2020-01-17,586681,LosAngeles-LongBeach-Anaheim
2020-01-18,568309,LosAngeles-LongBeach-Anaheim
2020-01-19,556229,LosAngeles-LongBeach-Anaheim
2020-01-20,571662,LosAngeles-LongBeach-Anaheim
2020-01-21,570254,LosAngeles-LongBeach-Anaheim
2020-01-22,572239,LosAngeles-LongBeach-Anaheim
2020-01-23,572981,LosAngeles-LongBeach-Anaheim
2020-01-24,579630,LosAngeles-LongBeach-Anaheim
2020-01-25,565823,LosAngeles-LongBeach-Anaheim
2020-01-26,559008,LosAngeles-LongBeach-Anaheim
2020-01-27,574314,LosAngeles-LongBeach-Anaheim
2020-01-28,569968,LosAngeles-LongBeach-Anaheim
2020-01-29,565923,LosAngeles-LongBeach-Anaheim
2020-01-30,566257,LosAngeles-LongBeach-Anaheim
2020-01-31,572987,LosAngeles-LongBeach-Anaheim
2020-02-01,559770,LosAngeles-LongBeach-Anaheim
2020-02-02,545817,LosAngeles-LongBeach-Anaheim
2020-02-03,566623,LosAngeles-LongBeach-Anaheim
2020-02-04,563075,LosAngeles-LongBeach-Anaheim
2020-02-05,567124,LosAngeles-LongBeach-Anaheim
2020-02-06,570299,LosAngeles-LongBeach-Anaheim
2020-02-07,576730,LosAngeles-LongBeach-Anaheim
2020-02-08,562542,LosAngeles-LongBeach-Anaheim
2020-02-09,555350,LosAngeles-LongBeach-Anaheim
2020-02-10,565188,LosAngeles-LongBeach-Anaheim
2020-02-11,569024,LosAngeles-LongBeach-Anaheim
2020-02-12,572442,LosAngeles-LongBeach-Anaheim
2020-02-13,576981,LosAngeles-LongBeach-Anaheim
2020-02-14,584229,LosAngeles-LongBeach-Anaheim
2020-02-15,563559,LosAngeles-LongBeach-Anaheim
2020-02-16,551050,LosAngeles-LongBeach-Anaheim
2020-02-17,566949,LosAngeles-LongBeach-Anaheim
2020-02-18,568861,LosAngeles-LongBeach-Anaheim
2020-02-19,569234,LosAngeles-LongBeach-Anaheim
2020-02-20,570689,LosAngeles-LongBeach-Anaheim
2020-02-21,580365,LosAngeles-LongBeach-Anaheim
2020-02-22,561350,LosAngeles-LongBeach-Anaheim
2020-02-23,554731,LosAngeles-LongBeach-Anaheim
2020-02-24,569885,LosAngeles-LongBeach-Anaheim
2020-02-25,569858,LosAngeles-LongBeach-Anaheim
2020-02-26,565821,LosAngeles-LongBeach-Anaheim
2020-02-27,567297,LosAngeles-LongBeach-Anaheim
2020-02-28,574799,LosAngeles-LongBeach-Anaheim
2020-02-29,560825,LosAngeles-LongBeach-Anaheim
2020-03-01,555009,LosAngeles-LongBeach-Anaheim
2020-03-02,563231,LosAngeles-LongBeach-Anaheim
2020-03-03,563225,LosAngeles-LongBeach-Anaheim
2020-03-04,562057,LosAngeles-LongBeach-Anaheim
2020-03-05,566151,LosAngeles-LongBeach-Anaheim
2020-03-06,575063,LosAngeles-LongBeach-Anaheim
2020-03-07,559009,LosAngeles-LongBeach-Anaheim
2020-03-08,555259,LosAngeles-LongBeach-Anaheim
2020-03-09,578385,LosAngeles-LongBeach-Anaheim
2020-03-10,568068,LosAngeles-LongBeach-Anaheim
2020-03-11,572316,LosAngeles-LongBeach-Anaheim
2020-03-12,570816,LosAngeles-LongBeach-Anaheim
2020-03-13,573134,LosAngeles-LongBeach-Anaheim
2020-03-14,542312,LosAngeles-LongBeach-Anaheim
2020-03-15,533728,LosAngeles-LongBeach-Anaheim
2020-03-16,552970,LosAngeles-LongBeach-Anaheim
2020-03-17,541422,LosAngeles-LongBeach-Anaheim
2020-03-18,541565,LosAngeles-LongBeach-Anaheim
2020-03-19,542535,LosAngeles-LongBeach-Anaheim
2020-03-20,522094,LosAngeles-LongBeach-Anaheim
2020-03-21,481369,LosAngeles-LongBeach-Anaheim
2020-03-22,479429,LosAngeles-LongBeach-Anaheim
2020-03-23,514808,LosAngeles-LongBeach-Anaheim
2020-03-24,510170,LosAngeles-LongBeach-Anaheim
2020-03-25,510044,LosAngeles-LongBeach-Anaheim
2020-03-26,505930,LosAngeles-LongBeach-Anaheim
2020-03-27,502645,LosAngeles-LongBeach-Anaheim
2020-03-28,482213,LosAngeles-LongBeach-Anaheim
2020-03-29,480077,LosAngeles-LongBeach-Anaheim
2020-03-30,521263,LosAngeles-LongBeach-Anaheim
2020-03-31,513612,LosAngeles-LongBeach-Anaheim
2020-04-01,511559,LosAngeles-LongBeach-Anaheim
2020-04-02,504725,LosAngeles-LongBeach-Anaheim
2020-04-03,507600,LosAngeles-LongBeach-Anaheim
2020-04-04,481992,LosAngeles-LongBeach-Anaheim
2020-04-05,472791,LosAngeles-LongBeach-Anaheim
2020-04-06,498211,LosAngeles-LongBeach-Anaheim
2020-04-07,498417,LosAngeles-LongBeach-Anaheim
2020-04-08,499508,LosAngeles-LongBeach-Anaheim
2020-04-09,490202,LosAngeles-LongBeach-Anaheim
2020-04-10,494990,LosAngeles-LongBeach-Anaheim
2020-04-11,487697,LosAngeles-LongBeach-Anaheim
2020-04-12,474616,LosAngeles-LongBeach-Anaheim
2020-04-13,505535,LosAngeles-LongBeach-Anaheim
2020-04-14,504714,LosAngeles-LongBeach-Anaheim
2020-04-15,508968,LosAngeles-LongBeach-Anaheim
2020-04-16,506259,LosAngeles-LongBeach-Anaheim
2020-04-17,507552,LosAngeles-LongBeach-Anaheim
2020-04-18,489175,LosAngeles-LongBeach-Anaheim
2020-04-19,485631,LosAngeles-LongBeach-Anaheim
2020-04-20,513143,LosAngeles-LongBeach-Anaheim
2020-04-21,511697,LosAngeles-LongBeach-Anaheim
2020-04-22,514991,LosAngeles-LongBeach-Anaheim
2020-04-23,512913,LosAngeles-LongBeach-Anaheim
2020-04-24,516718,LosAngeles-LongBeach-Anaheim
2020-04-25,505484,LosAngeles-LongBeach-Anaheim
2020-04-26,497098,LosAngeles-LongBeach-Anaheim
2020-04-27,517210,LosAngeles-LongBeach-Anaheim
2020-04-28,516878,LosAngeles-LongBeach-Anaheim
2020-04-29,513821,LosAngeles-LongBeach-Anaheim
2020-04-30,510958,LosAngeles-LongBeach-Anaheim
2020-05-01,513722,LosAngeles-LongBeach-Anaheim
2020-05-02,497718,LosAngeles-LongBeach-Anaheim
2020-05-03,497100,LosAngeles-LongBeach-Anaheim
2020-05-04,520197,LosAngeles-LongBeach-Anaheim
2020-05-05,515426,LosAngeles-LongBeach-Anaheim
2020-05-06,512120,LosAngeles-LongBeach-Anaheim
2020-05-07,509478,LosAngeles-LongBeach-Anaheim
2020-05-08,512464,LosAngeles-LongBeach-Anaheim
2020-05-09,503979,LosAngeles-LongBeach-Anaheim
2020-05-10,509369,LosAngeles-LongBeach-Anaheim
2020-05-11,516019,LosAngeles-LongBeach-Anaheim
2020-05-12,509583,LosAngeles-LongBeach-Anaheim
2020-05-13,512915,LosAngeles-LongBeach-Anaheim
2020-05-14,511592,LosAngeles-LongBeach-Anaheim
2020-05-15,519637,LosAngeles-LongBeach-Anaheim
2020-05-16,505342,LosAngeles-LongBeach-Anaheim
2020-05-17,501278,LosAngeles-LongBeach-Anaheim
2020-05-18,516238,LosAngeles-LongBeach-Anaheim
2020-05-19,514974,LosAngeles-LongBeach-Anaheim
2020-05-20,515277,LosAngeles-LongBeach-Anaheim
2020-05-21,519605,LosAngeles-LongBeach-Anaheim
2020-05-22,521610,LosAngeles-LongBeach-Anaheim
2020-05-23,505891,LosAngeles-LongBeach-Anaheim
2020-05-24,498943,LosAngeles-LongBeach-Anaheim
2020-05-25,512303,LosAngeles-LongBeach-Anaheim
2020-05-26,524132,LosAngeles-LongBeach-Anaheim
2020-05-27,523341,LosAngeles-LongBeach-Anaheim
2020-05-28,520428,LosAngeles-LongBeach-Anaheim
2020-05-29,525469,LosAngeles-LongBeach-Anaheim
2020-05-30,512371,LosAngeles-LongBeach-Anaheim
2020-05-31,501925,LosAngeles-LongBeach-Anaheim
2020-06-01,519932,LosAngeles-LongBeach-Anaheim
2020-06-02,522956,LosAngeles-LongBeach-Anaheim
2020-06-03,527513,LosAngeles-LongBeach-Anaheim
2020-06-04,524758,LosAngeles-LongBeach-Anaheim
2020-06-05,526544,LosAngeles-LongBeach-Anaheim
2020-06-06,511201,LosAngeles-LongBeach-Anaheim
2020-06-07,506489,LosAngeles-LongBeach-Anaheim
2020-06-08,511353,LosAngeles-LongBeach-Anaheim
2020-06-09,464057,LosAngeles-LongBeach-Anaheim
2020-06-10,20934,LosAngeles-LongBeach-Anaheim
2020-06-11,47944,LosAngeles-LongBeach-Anaheim
2020-06-12,480049,LosAngeles-LongBeach-Anaheim
2020-06-13,511353,LosAngeles-LongBeach-Anaheim
2020-06-14,503957,LosAngeles-LongBeach-Anaheim
2020-06-15,521728,LosAngeles-LongBeach-Anaheim
2020-06-16,514822,LosAngeles-LongBeach-Anaheim
2020-06-17,518810,LosAngeles-LongBeach-Anaheim
2020-06-18,515941,LosAngeles-LongBeach-Anaheim
2020-06-19,524487,LosAngeles-LongBeach-Anaheim
2020-06-20,508435,LosAngeles-LongBeach-Anaheim
2020-06-21,506326,LosAngeles-LongBeach-Anaheim
2020-06-22,514543,LosAngeles-LongBeach-Anaheim
2020-06-23,515224,LosAngeles-LongBeach-Anaheim
2020-06-24,513243,LosAngeles-LongBeach-Anaheim
2020-06-25,513998,LosAngeles-LongBeach-Anaheim
2020-06-26,512820,LosAngeles-LongBeach-Anaheim
2020-06-27,495985,LosAngeles-LongBeach-Anaheim
2020-06-28,489532,LosAngeles-LongBeach-Anaheim
2020-06-29,493604,LosAngeles-LongBeach-Anaheim
2020-06-30,439810,LosAngeles-LongBeach-Anaheim
2020-07-01,8,LosAngeles-LongBeach-Anaheim
2021-04-20,1,LosAngeles-LongBeach-Anaheim
2023-04-20,1,LosAngeles-LongBeach-Anaheim
2024-04-16,14,LosAngeles-LongBeach-Anaheim
2024-04-20,1,LosAngeles-LongBeach-Anaheim
2024-06-20,1,LosAngeles-LongBeach-Anaheim
2025-02-20,2,LosAngeles-LongBeach-Anaheim
2025-03-20,1,LosAngeles-LongBeach-Anaheim
2029-02-20,1,LosAngeles-LongBeach-Anaheim
1875-01-01,1,NewYork-Newark-JerseyCity
2007-04-20,1,NewYork-Newark-JerseyCity
2008-06-20,1,NewYork-Newark-JerseyCity
2009-06-20,1,NewYork-Newark-JerseyCity
2010-01-20,1,NewYork-Newark-JerseyCity
2015-01-20,1,NewYork-Newark-JerseyCity
2016-02-20,1,NewYork-Newark-JerseyCity
2019-12-30,6788,NewYork-Newark-JerseyCity
2019-12-31,23555,NewYork-Newark-JerseyCity
2020-01-01,1133430,NewYork-Newark-JerseyCity
2020-01-02,1178575,NewYork-Newark-JerseyCity
2020-01-03,1188817,NewYork-Newark-JerseyCity
2020-01-04,1157521,NewYork-Newark-JerseyCity
2020-01-05,1151464,NewYork-Newark-JerseyCity
2020-01-06,1199524,NewYork-Newark-JerseyCity
2020-01-07,1193297,NewYork-Newark-JerseyCity
2020-01-08,1189683,NewYork-Newark-JerseyCity
2020-01-09,1184002,NewYork-Newark-JerseyCity
2020-01-10,1202078,NewYork-Newark-JerseyCity
2020-01-11,1162909,NewYork-Newark-JerseyCity
2020-01-12,1158977,NewYork-Newark-JerseyCity
2020-01-13,1189705,NewYork-Newark-JerseyCity
2020-01-14,1185742,NewYork-Newark-JerseyCity
2020-01-15,1182071,NewYork-Newark-JerseyCity
2020-01-16,1187250,NewYork-Newark-JerseyCity
2020-01-17,1200192,NewYork-Newark-JerseyCity
2020-01-18,1136454,NewYork-Newark-JerseyCity
2020-01-19,1111788,NewYork-Newark-JerseyCity
2020-01-20,1141049,NewYork-Newark-JerseyCity
2020-01-21,1154014,NewYork-Newark-JerseyCity
2020-01-22,1158279,NewYork-Newark-JerseyCity
2020-01-23,1170686,NewYork-Newark-JerseyCity
2020-01-24,1184653,NewYork-Newark-JerseyCity
2020-01-25,1122829,NewYork-Newark-JerseyCity
2020-01-26,1133271,NewYork-Newark-JerseyCity
2020-01-27,1166651,NewYork-Newark-JerseyCity
2020-01-28,1156310,NewYork-Newark-JerseyCity
2020-01-29,1155099,NewYork-Newark-JerseyCity
2020-01-30,1160560,NewYork-Newark-JerseyCity
2020-01-31,1175499,NewYork-Newark-JerseyCity
2020-02-01,1133229,NewYork-Newark-JerseyCity
2020-02-02,1125496,NewYork-Newark-JerseyCity
2020-02-03,1165470,NewYork-Newark-JerseyCity
2020-02-04,1166966,NewYork-Newark-JerseyCity
2020-02-05,1156240,NewYork-Newark-JerseyCity
2020-02-06,1172638,NewYork-Newark-JerseyCity
2020-02-07,1186969,NewYork-Newark-JerseyCity
2020-02-08,1123131,NewYork-Newark-JerseyCity
2020-02-09,1114370,NewYork-Newark-JerseyCity
2020-02-10,1149642,NewYork-Newark-JerseyCity
2020-02-11,1156214,NewYork-Newark-JerseyCity
2020-02-12,1163765,NewYork-Newark-JerseyCity
2020-02-13,1149762,NewYork-Newark-JerseyCity
2020-02-14,1158428,NewYork-Newark-JerseyCity
2020-02-15,1097742,NewYork-Newark-JerseyCity
2020-02-16,1075980,NewYork-Newark-JerseyCity
2020-02-17,1103285,NewYork-Newark-JerseyCity
2020-02-18,1115775,NewYork-Newark-JerseyCity
2020-02-19,1123319,NewYork-Newark-JerseyCity
2020-02-20,1125101,NewYork-Newark-JerseyCity
2020-02-21,1138362,NewYork-Newark-JerseyCity
2020-02-22,1110297,NewYork-Newark-JerseyCity
2020-02-23,1120608,NewYork-Newark-JerseyCity
2020-02-24,1151366,NewYork-Newark-JerseyCity
2020-02-25,1172159,NewYork-Newark-JerseyCity
2020-02-26,1161557,NewYork-Newark-JerseyCity
2020-02-27,1159421,NewYork-Newark-JerseyCity
2020-02-28,1170865,NewYork-Newark-JerseyCity
2020-02-29,1131991,NewYork-Newark-JerseyCity
2020-03-01,1127182,NewYork-Newark-JerseyCity
2020-03-02,1157980,NewYork-Newark-JerseyCity
2020-03-03,1155956,NewYork-Newark-JerseyCity
2020-03-04,1156575,NewYork-Newark-JerseyCity
2020-03-05,1159791,NewYork-Newark-JerseyCity
2020-03-06,1168005,NewYork-Newark-JerseyCity
2020-03-07,1127910,NewYork-Newark-JerseyCity
2020-03-08,1120832,NewYork-Newark-JerseyCity
2020-03-09,1154944,NewYork-Newark-JerseyCity
2020-03-10,1145925,NewYork-Newark-JerseyCity
2020-03-11,1142708,NewYork-Newark-JerseyCity
2020-03-12,1139196,NewYork-Newark-JerseyCity
2020-03-13,1147487,NewYork-Newark-JerseyCity
2020-03-14,1097326,NewYork-Newark-JerseyCity
2020-03-15,1089884,NewYork-Newark-JerseyCity
2020-03-16,1108937,NewYork-Newark-JerseyCity
2020-03-17,1084173,NewYork-Newark-JerseyCity
2020-03-18,1079809,NewYork-Newark-JerseyCity
2020-03-19,1069718,NewYork-Newark-JerseyCity
2020-03-20,1056463,NewYork-Newark-JerseyCity
2020-03-21,978593,NewYork-Newark-JerseyCity
2020-03-22,957431,NewYork-Newark-JerseyCity
2020-03-23,1008302,NewYork-Newark-JerseyCity
2020-03-24,1017436,NewYork-Newark-JerseyCity
2020-03-25,1014400,NewYork-Newark-JerseyCity
2020-03-26,1025115,NewYork-Newark-JerseyCity
2020-03-27,1025576,NewYork-Newark-JerseyCity
2020-03-28,987614,NewYork-Newark-JerseyCity
2020-03-29,973821,NewYork-Newark-JerseyCity
2020-03-30,1040351,NewYork-Newark-JerseyCity
2020-03-31,1029394,NewYork-Newark-JerseyCity
2020-04-01,1035724,NewYork-Newark-JerseyCity
2020-04-02,1018275,NewYork-Newark-JerseyCity
2020-04-03,1014271,NewYork-Newark-JerseyCity
2020-04-04,986154,NewYork-Newark-JerseyCity
2020-04-05,975165,NewYork-Newark-JerseyCity
2020-04-06,1014057,NewYork-Newark-JerseyCity
2020-04-07,1013890,NewYork-Newark-JerseyCity
2020-04-08,1013478,NewYork-Newark-JerseyCity
2020-04-09,1006559,NewYork-Newark-JerseyCity
2020-04-10,991588,NewYork-Newark-JerseyCity
2020-04-11,983672,NewYork-Newark-JerseyCity
2020-04-12,981106,NewYork-Newark-JerseyCity
2020-04-13,996892,NewYork-Newark-JerseyCity
2020-04-14,1007520,NewYork-Newark-JerseyCity
2020-04-15,1006479,NewYork-Newark-JerseyCity
2020-04-16,1000864,NewYork-Newark-JerseyCity
2020-04-17,1006143,NewYork-Newark-JerseyCity
2020-04-18,980431,NewYork-Newark-JerseyCity
2020-04-19,985649,NewYork-Newark-JerseyCity
2020-04-20,1009404,NewYork-Newark-JerseyCity
2020-04-21,1020864,NewYork-Newark-JerseyCity
2020-04-22,1015838,NewYork-Newark-JerseyCity
2020-04-23,1016952,NewYork-Newark-JerseyCity
2020-04-24,1010167,NewYork-Newark-JerseyCity
2020-04-25,1019844,NewYork-Newark-JerseyCity
2020-04-26,976739,NewYork-Newark-JerseyCity
2020-04-27,1008550,NewYork-Newark-JerseyCity
2020-04-28,1027523,NewYork-Newark-JerseyCity
2020-04-29,1014671,NewYork-Newark-JerseyCity
2020-04-30,997817,NewYork-Newark-JerseyCity
2020-05-01,1007219,NewYork-Newark-JerseyCity
2020-05-02,1001984,NewYork-Newark-JerseyCity
2020-05-03,997054,NewYork-Newark-JerseyCity
2020-05-04,1021880,NewYork-Newark-JerseyCity
2020-05-05,1022089,NewYork-Newark-JerseyCity
2020-05-06,1013255,NewYork-Newark-JerseyCity
2020-05-07,1019546,NewYork-Newark-JerseyCity
2020-05-08,1009595,NewYork-Newark-JerseyCity
2020-05-09,994984,NewYork-Newark-JerseyCity
2020-05-10,1014669,NewYork-Newark-JerseyCity
2020-05-11,1022842,NewYork-Newark-JerseyCity
2020-05-12,1008732,NewYork-Newark-JerseyCity
2020-05-13,1019178,NewYork-Newark-JerseyCity
2020-05-14,1019664,NewYork-Newark-JerseyCity
2020-05-15,1039393,NewYork-Newark-JerseyCity
2020-05-16,1012799,NewYork-Newark-JerseyCity
2020-05-17,1005847,NewYork-Newark-JerseyCity
2020-05-18,1023733,NewYork-Newark-JerseyCity
2020-05-19,1022555,NewYork-Newark-JerseyCity
2020-05-20,1022317,NewYork-Newark-JerseyCity
2020-05-21,1028061,NewYork-Newark-JerseyCity
2020-05-22,1036679,NewYork-Newark-JerseyCity
2020-05-23,1000774,NewYork-Newark-JerseyCity
2020-05-24,993487,NewYork-Newark-JerseyCity
2020-05-25,1013637,NewYork-Newark-JerseyCity
2020-05-26,1031515,NewYork-Newark-JerseyCity
2020-05-27,1038180,NewYork-Newark-JerseyCity
2020-05-28,1032797,NewYork-Newark-JerseyCity
2020-05-29,1042728,NewYork-Newark-JerseyCity
2020-05-30,1026754,NewYork-Newark-JerseyCity
2020-05-31,1017826,NewYork-Newark-JerseyCity
2020-06-01,1034797,NewYork-Newark-JerseyCity
2020-06-02,1043255,NewYork-Newark-JerseyCity
2020-06-03,1063439,NewYork-Newark-JerseyCity
2020-06-04,1053432,NewYork-Newark-JerseyCity
2020-06-05,1053782,NewYork-Newark-JerseyCity
2020-06-06,1031961,NewYork-Newark-JerseyCity
2020-06-07,1015231,NewYork-Newark-JerseyCity
2020-06-08,1012635,NewYork-Newark-JerseyCity
2020-06-09,956254,NewYork-Newark-JerseyCity
2020-06-10,38760,NewYork-Newark-JerseyCity
2020-06-11,85521,NewYork-Newark-JerseyCity
2020-06-12,927211,NewYork-Newark-JerseyCity
2020-06-13,1012187,NewYork-Newark-JerseyCity
2020-06-14,1004781,NewYork-Newark-JerseyCity
2020-06-15,1025570,NewYork-Newark-JerseyCity
2020-06-16,1019191,NewYork-Newark-JerseyCity
2020-06-17,1029878,NewYork-Newark-JerseyCity
2020-06-18,1030487,NewYork-Newark-JerseyCity
2020-06-19,1044096,NewYork-Newark-JerseyCity
2020-06-20,1026869,NewYork-Newark-JerseyCity
2020-06-21,1017255,NewYork-Newark-JerseyCity
2020-06-22,1026656,NewYork-Newark-JerseyCity
2020-06-23,1027834,NewYork-Newark-JerseyCity
2020-06-24,1024060,NewYork-Newark-JerseyCity
2020-06-25,1028304,NewYork-Newark-JerseyCity
2020-06-26,1027974,NewYork-Newark-JerseyCity
2020-06-27,1014146,NewYork-Newark-JerseyCity
2020-06-28,1002400,NewYork-Newark-JerseyCity
2020-06-29,996904,NewYork-Newark-JerseyCity
2020-06-30,795557,NewYork-Newark-JerseyCity
2020-07-01,12,NewYork-Newark-JerseyCity
2021-06-20,1,NewYork-Newark-JerseyCity
2024-04-16,61,NewYork-Newark-JerseyCity
2025-06-20,1,NewYork-Newark-JerseyCity
2026-05-20,1,NewYork-Newark-JerseyCity
2027-01-20,1,NewYork-Newark-JerseyCity
2027-04-20,1,NewYork-Newark-JerseyCity
2027-06-20,3,NewYork-Newark-JerseyCity
2028-06-20,1,NewYork-Newark-JerseyCity
2029-06-20,3,NewYork-Newark-JerseyCity
2030-06-20,2,NewYork-Newark-JerseyCity
2047-01-01,1,NewYork-Newark-JerseyCity
2047-07-03,1,NewYork-Newark-JerseyCity
2057-10-21,1,NewYork-Newark-JerseyCity
2069-01-01,1,NewYork-Newark-JerseyCity
2124-01-01,1,NewYork-Newark-JerseyCity
2188-01-01,1,NewYork-Newark-JerseyCity
2019-12-29,1668,Seattle-Tacoma-Bellevue
2019-12-30,20304,Seattle-Tacoma-Bellevue
2019-12-31,185249,Seattle-Tacoma-Bellevue
2020-01-01,192880,Seattle-Tacoma-Bellevue
2020-01-02,200067,Seattle-Tacoma-Bellevue
2020-01-03,202327,Seattle-Tacoma-Bellevue
2020-01-04,199028,Seattle-Tacoma-Bellevue
2020-01-05,196909,Seattle-Tacoma-Bellevue
2020-01-06,205143,Seattle-Tacoma-Bellevue
2020-01-07,204020,Seattle-Tacoma-Bellevue
2020-01-08,204657,Seattle-Tacoma-Bellevue
2020-01-09,205499,Seattle-Tacoma-Bellevue
2020-01-10,206459,Seattle-Tacoma-Bellevue
2020-01-11,200602,Seattle-Tacoma-Bellevue
2020-01-12,200204,Seattle-Tacoma-Bellevue
2020-01-13,205123,Seattle-Tacoma-Bellevue
2020-01-14,201029,Seattle-Tacoma-Bellevue
2020-01-15,200088,Seattle-Tacoma-Bellevue
2020-01-16,202387,Seattle-Tacoma-Bellevue
2020-01-17,205175,Seattle-Tacoma-Bellevue
2020-01-18,196774,Seattle-Tacoma-Bellevue
2020-01-19,193892,Seattle-Tacoma-Bellevue
2020-01-20,200808,Seattle-Tacoma-Bellevue
2020-01-21,202540,Seattle-Tacoma-Bellevue
2020-01-22,201886,Seattle-Tacoma-Bellevue
2020-01-23,202180,Seattle-Tacoma-Bellevue
2020-01-24,203255,Seattle-Tacoma-Bellevue
2020-01-25,196773,Seattle-Tacoma-Bellevue
2020-01-26,196487,Seattle-Tacoma-Bellevue
2020-01-27,201933,Seattle-Tacoma-Bellevue
2020-01-28,200453,Seattle-Tacoma-Bellevue
2020-01-29,200815,Seattle-Tacoma-Bellevue
2020-01-30,200472,Seattle-Tacoma-Bellevue
2020-01-31,203537,Seattle-Tacoma-Bellevue
2020-02-01,197539,Seattle-Tacoma-Bellevue
2020-02-02,194681,Seattle-Tacoma-Bellevue
2020-02-03,201033,Seattle-Tacoma-Bellevue
2020-02-04,199974,Seattle-Tacoma-Bellevue
2020-02-05,200315,Seattle-Tacoma-Bellevue
2020-02-06,202074,Seattle-Tacoma-Bellevue
2020-02-07,203778,Seattle-Tacoma-Bellevue
2020-02-08,196508,Seattle-Tacoma-Bellevue
2020-02-09,194981,Seattle-Tacoma-Bellevue
2020-02-10,199845,Seattle-Tacoma-Bellevue
2020-02-11,199527,Seattle-Tacoma-Bellevue
2020-02-12,200592,Seattle-Tacoma-Bellevue
2020-02-13,199985,Seattle-Tacoma-Bellevue
2020-02-14,202675,Seattle-Tacoma-Bellevue
2020-02-15,192540,Seattle-Tacoma-Bellevue
2020-02-16,189004,Seattle-Tacoma-Bellevue
2020-02-17,194125,Seattle-Tacoma-Bellevue
2020-02-18,194452,Seattle-Tacoma-Bellevue
2020-02-19,195693,Seattle-Tacoma-Bellevue
2020-02-20,196030,Seattle-Tacoma-Bellevue
2020-02-21,198725,Seattle-Tacoma-Bellevue
2020-02-22,193871,Seattle-Tacoma-Bellevue
2020-02-23,193977,Seattle-Tacoma-Bellevue
2020-02-24,198881,Seattle-Tacoma-Bellevue
2020-02-25,198655,Seattle-Tacoma-Bellevue
2020-02-26,198718,Seattle-Tacoma-Bellevue
2020-02-27,199213,Seattle-Tacoma-Bellevue
2020-02-28,200528,Seattle-Tacoma-Bellevue
2020-02-29,194793,Seattle-Tacoma-Bellevue
2020-03-01,193979,Seattle-Tacoma-Bellevue
2020-03-02,196556,Seattle-Tacoma-Bellevue
2020-03-03,195527,Seattle-Tacoma-Bellevue
2020-03-04,195762,Seattle-Tacoma-Bellevue
2020-03-05,196275,Seattle-Tacoma-Bellevue
2020-03-06,196755,Seattle-Tacoma-Bellevue
2020-03-07,190087,Seattle-Tacoma-Bellevue
2020-03-08,188166,Seattle-Tacoma-Bellevue
2020-03-09,193943,Seattle-Tacoma-Bellevue
2020-03-10,192481,Seattle-Tacoma-Bellevue
2020-03-11,192428,Seattle-Tacoma-Bellevue
2020-03-12,191848,Seattle-Tacoma-Bellevue
2020-03-13,192691,Seattle-Tacoma-Bellevue
2020-03-14,185844,Seattle-Tacoma-Bellevue
2020-03-15,184606,Seattle-Tacoma-Bellevue
2020-03-16,190234,Seattle-Tacoma-Bellevue
2020-03-17,186988,Seattle-Tacoma-Bellevue
2020-03-18,186866,Seattle-Tacoma-Bellevue
2020-03-19,187310,Seattle-Tacoma-Bellevue
2020-03-20,185525,Seattle-Tacoma-Bellevue
2020-03-21,176376,Seattle-Tacoma-Bellevue
2020-03-22,176136,Seattle-Tacoma-Bellevue
2020-03-23,184563,Seattle-Tacoma-Bellevue
2020-03-24,181353,Seattle-Tacoma-Bellevue
2020-03-25,180524,Seattle-Tacoma-Bellevue
2020-03-26,178843,Seattle-Tacoma-Bellevue
2020-03-27,177033,Seattle-Tacoma-Bellevue
2020-03-28,173338,Seattle-Tacoma-Bellevue
2020-03-29,173167,Seattle-Tacoma-Bellevue
2020-03-30,182258,Seattle-Tacoma-Bellevue
2020-03-31,180853,Seattle-Tacoma-Bellevue
2020-04-01,181285,Seattle-Tacoma-Bellevue
2020-04-02,178304,Seattle-Tacoma-Bellevue
2020-04-03,178387,Seattle-Tacoma-Bellevue
2020-04-04,173516,Seattle-Tacoma-Bellevue
2020-04-05,171463,Seattle-Tacoma-Bellevue
2020-04-06,177749,Seattle-Tacoma-Bellevue
2020-04-07,177116,Seattle-Tacoma-Bellevue
2020-04-08,177517,Seattle-Tacoma-Bellevue
2020-04-09,177229,Seattle-Tacoma-Bellevue
2020-04-10,177749,Seattle-Tacoma-Bellevue
2020-04-11,173754,Seattle-Tacoma-Bellevue
2020-04-12,171903,Seattle-Tacoma-Bellevue
2020-04-13,176983,Seattle-Tacoma-Bellevue
2020-04-14,176126,Seattle-Tacoma-Bellevue
2020-04-15,177377,Seattle-Tacoma-Bellevue
2020-04-16,177370,Seattle-Tacoma-Bellevue
2020-04-17,177346,Seattle-Tacoma-Bellevue
2020-04-18,172707,Seattle-Tacoma-Bellevue
2020-04-19,172526,Seattle-Tacoma-Bellevue
2020-04-20,178415,Seattle-Tacoma-Bellevue
2020-04-21,176125,Seattle-Tacoma-Bellevue
2020-04-22,174616,Seattle-Tacoma-Bellevue
2020-04-23,175583,Seattle-Tacoma-Bellevue
2020-04-24,177145,Seattle-Tacoma-Bellevue
2020-04-25,174771,Seattle-Tacoma-Bellevue
2020-04-26,172517,Seattle-Tacoma-Bellevue
2020-04-27,177116,Seattle-Tacoma-Bellevue
2020-04-28,175734,Seattle-Tacoma-Bellevue
2020-04-29,175561,Seattle-Tacoma-Bellevue
2020-04-30,174820,Seattle-Tacoma-Bellevue
2020-05-01,176811,Seattle-Tacoma-Bellevue
2020-05-02,170790,Seattle-Tacoma-Bellevue
2020-05-03,170261,Seattle-Tacoma-Bellevue
2020-05-04,175274,Seattle-Tacoma-Bellevue
2020-05-05,176236,Seattle-Tacoma-Bellevue
2020-05-06,174958,Seattle-Tacoma-Bellevue
2020-05-07,174711,Seattle-Tacoma-Bellevue
2020-05-08,175352,Seattle-Tacoma-Bellevue
2020-05-09,172552,Seattle-Tacoma-Bellevue
2020-05-10,174039,Seattle-Tacoma-Bellevue
2020-05-11,176384,Seattle-Tacoma-Bellevue
2020-05-12,173659,Seattle-Tacoma-Bellevue
2020-05-13,174822,Seattle-Tacoma-Bellevue
2020-05-14,174261,Seattle-Tacoma-Bellevue
2020-05-15,176552,Seattle-Tacoma-Bellevue
2020-05-16,170544,Seattle-Tacoma-Bellevue
2020-05-17,170347,Seattle-Tacoma-Bellevue
2020-05-18,175173,Seattle-Tacoma-Bellevue
2020-05-19,174050,Seattle-Tacoma-Bellevue
2020-05-20,173438,Seattle-Tacoma-Bellevue
2020-05-21,174897,Seattle-Tacoma-Bellevue
2020-05-22,174522,Seattle-Tacoma-Bellevue
2020-05-23,167162,Seattle-Tacoma-Bellevue
2020-05-24,165825,Seattle-Tacoma-Bellevue
2020-05-25,169841,Seattle-Tacoma-Bellevue
2020-05-26,173813,Seattle-Tacoma-Bellevue
2020-05-27,174502,Seattle-Tacoma-Bellevue
2020-05-28,173633,Seattle-Tacoma-Bellevue
2020-05-29,175424,Seattle-Tacoma-Bellevue
2020-05-30,169570,Seattle-Tacoma-Bellevue
2020-05-31,168151,Seattle-Tacoma-Bellevue
2020-06-01,173836,Seattle-Tacoma-Bellevue
2020-06-02,173990,Seattle-Tacoma-Bellevue
2020-06-03,174072,Seattle-Tacoma-Bellevue
2020-06-04,173215,Seattle-Tacoma-Bellevue
2020-06-05,174111,Seattle-Tacoma-Bellevue
2020-06-06,168377,Seattle-Tacoma-Bellevue
2020-06-07,166446,Seattle-Tacoma-Bellevue
2020-06-08,166689,Seattle-Tacoma-Bellevue
2020-06-09,148129,Seattle-Tacoma-Bellevue
2020-06-10,8121,Seattle-Tacoma-Bellevue
2020-06-11,19644,Seattle-Tacoma-Bellevue
2020-06-12,160831,Seattle-Tacoma-Bellevue
2020-06-13,168207,Seattle-Tacoma-Bellevue
2020-06-14,167514,Seattle-Tacoma-Bellevue
2020-06-15,172152,Seattle-Tacoma-Bellevue
2020-06-16,170292,Seattle-Tacoma-Bellevue
2020-06-17,171297,Seattle-Tacoma-Bellevue
2020-06-18,170297,Seattle-Tacoma-Bellevue
2020-06-19,172201,Seattle-Tacoma-Bellevue
2020-06-20,165318,Seattle-Tacoma-Bellevue
2020-06-21,165915,Seattle-Tacoma-Bellevue
2020-06-22,168535,Seattle-Tacoma-Bellevue
2020-06-23,168750,Seattle-Tacoma-Bellevue
2020-06-24,167954,Seattle-Tacoma-Bellevue
2020-06-25,168109,Seattle-Tacoma-Bellevue
2020-06-26,167201,Seattle-Tacoma-Bellevue
2020-06-27,160032,Seattle-Tacoma-Bellevue
2020-06-28,160148,Seattle-Tacoma-Bellevue
2020-06-29,160715,Seattle-Tacoma-Bellevue
2020-06-30,139723,Seattle-Tacoma-Bellevue
2020-07-01,6,Seattle-Tacoma-Bellevue
2019-12-30,1004,Sebring-AvonPark
2019-12-31,8784,Sebring-AvonPark
2020-01-01,10925,Sebring-AvonPark
2020-01-02,11330,Sebring-AvonPark
2020-01-03,11933,Sebring-AvonPark
2020-01-04,11928,Sebring-AvonPark
2020-01-05,11295,Sebring-AvonPark
2020-01-06,11034,Sebring-AvonPark
2020-01-07,10686,Sebring-AvonPark
2020-01-08,10841,Sebring-AvonPark
2020-01-09,11102,Sebring-AvonPark
2020-01-10,12009,Sebring-AvonPark
2020-01-11,11831,Sebring-AvonPark
2020-01-12,11141,Sebring-AvonPark
2020-01-13,11027,Sebring-AvonPark
2020-01-14,10757,Sebring-AvonPark
2020-01-15,10790,Sebring-AvonPark
2020-01-16,10960,Sebring-AvonPark
2020-01-17,12508,Sebring-AvonPark
2020-01-18,11929,Sebring-AvonPark
2020-01-19,11706,Sebring-AvonPark
2020-01-20,11757,Sebring-AvonPark
2020-01-21,10857,Sebring-AvonPark
2020-01-22,10904,Sebring-AvonPark
2020-01-23,11186,Sebring-AvonPark
2020-01-24,12323,Sebring-AvonPark
2020-01-25,11695,Sebring-AvonPark
2020-01-26,11528,Sebring-AvonPark
2020-01-27,11056,Sebring-AvonPark
2020-01-28,10779,Sebring-AvonPark
2020-01-29,11225,Sebring-AvonPark
2020-01-30,11337,Sebring-AvonPark
2020-01-31,12365,Sebring-AvonPark
2020-02-01,11938,Sebring-AvonPark
2020-02-02,11172,Sebring-AvonPark
2020-02-03,11190,Sebring-AvonPark
2020-02-04,11016,Sebring-AvonPark
2020-02-05,11188,Sebring-AvonPark
2020-02-06,12044,Sebring-AvonPark
2020-02-07,12826,Sebring-AvonPark
2020-02-08,12151,Sebring-AvonPark
2020-02-09,11882,Sebring-AvonPark
2020-02-10,11347,Sebring-AvonPark
2020-02-11,11204,Sebring-AvonPark
2020-02-12,11649,Sebring-AvonPark
2020-02-13,11740,Sebring-AvonPark
2020-02-14,13305,Sebring-AvonPark
2020-02-15,12586,Sebring-AvonPark
2020-02-16,12498,Sebring-AvonPark
2020-02-17,12443,Sebring-AvonPark
2020-02-18,11347,Sebring-AvonPark
2020-02-19,11748,Sebring-AvonPark
2020-02-20,11919,Sebring-AvonPark
2020-02-21,13219,Sebring-AvonPark
2020-02-22,12320,Sebring-AvonPark
2020-02-23,12168,Sebring-AvonPark
2020-02-24,11406,Sebring-AvonPark
2020-02-25,11383,Sebring-AvonPark
2020-02-26,11799,Sebring-AvonPark
2020-02-27,11467,Sebring-AvonPark
2020-02-28,12586,Sebring-AvonPark
2020-02-29,12090,Sebring-AvonPark
2020-03-01,12078,Sebring-AvonPark
2020-03-02,11182,Sebring-AvonPark
2020-03-03,11019,Sebring-AvonPark
2020-03-04,11008,Sebring-AvonPark
2020-03-05,11685,Sebring-AvonPark
2020-03-06,12290,Sebring-AvonPark
2020-03-07,11694,Sebring-AvonPark
2020-03-08,11551,Sebring-AvonPark
2020-03-09,11320,Sebring-AvonPark
2020-03-10,11037,Sebring-AvonPark
2020-03-11,10929,Sebring-AvonPark
2020-03-12,11029,Sebring-AvonPark
2020-03-13,12018,Sebring-AvonPark
2020-03-14,11132,Sebring-AvonPark
2020-03-15,10838,Sebring-AvonPark
2020-03-16,10674,Sebring-AvonPark
2020-03-17,10358,Sebring-AvonPark
2020-03-18,10311,Sebring-AvonPark
2020-03-19,10433,Sebring-AvonPark
2020-03-20,10681,Sebring-AvonPark
2020-03-21,9994,Sebring-AvonPark
2020-03-22,9698,Sebring-AvonPark
2020-03-23,9808,Sebring-AvonPark
2020-03-24,9672,Sebring-AvonPark
2020-03-25,9618,Sebring-AvonPark
2020-03-26,9567,Sebring-AvonPark
2020-03-27,9813,Sebring-AvonPark
2020-03-28,9276,Sebring-AvonPark
2020-03-29,8905,Sebring-AvonPark
2020-03-30,9427,Sebring-AvonPark
2020-03-31,9463,Sebring-AvonPark
2020-04-01,9520,Sebring-AvonPark
2020-04-02,9367,Sebring-AvonPark
2020-04-03,9441,Sebring-AvonPark
2020-04-04,8768,Sebring-AvonPark
2020-04-05,8620,Sebring-AvonPark
2020-04-06,9253,Sebring-AvonPark
2020-04-07,8964,Sebring-AvonPark
2020-04-08,8967,Sebring-AvonPark
2020-04-09,9210,Sebring-AvonPark
2020-04-10,9609,Sebring-AvonPark
2020-04-11,9133,Sebring-AvonPark
2020-04-12,8716,Sebring-AvonPark
2020-04-13,9229,Sebring-AvonPark
2020-04-14,9007,Sebring-AvonPark
2020-04-15,9292,Sebring-AvonPark
2020-04-16,9495,Sebring-AvonPark
2020-04-17,9996,Sebring-AvonPark
2020-04-18,9716,Sebring-AvonPark
2020-04-19,9078,Sebring-AvonPark
2020-04-20,9942,Sebring-AvonPark
2020-04-21,9274,Sebring-AvonPark
2020-04-22,9216,Sebring-AvonPark
2020-04-23,9448,Sebring-AvonPark
2020-04-24,10362,Sebring-AvonPark
2020-04-25,9759,Sebring-AvonPark
2020-04-26,9576,Sebring-AvonPark
2020-04-27,9350,Sebring-AvonPark
2020-04-28,9094,Sebring-AvonPark
2020-04-29,9312,Sebring-AvonPark
2020-04-30,9843,Sebring-AvonPark
2020-05-01,9870,Sebring-AvonPark
2020-05-02,9532,Sebring-AvonPark
2020-05-03,9012,Sebring-AvonPark
2020-05-04,9068,Sebring-AvonPark
2020-05-05,8896,Sebring-AvonPark
2020-05-06,8874,Sebring-AvonPark
2020-05-07,8903,Sebring-AvonPark
2020-05-08,9488,Sebring-AvonPark
2020-05-09,9574,Sebring-AvonPark
2020-05-10,9432,Sebring-AvonPark
2020-05-11,8975,Sebring-AvonPark
2020-05-12,8684,Sebring-AvonPark
2020-05-13,8694,Sebring-AvonPark
2020-05-14,9070,Sebring-AvonPark
2020-05-15,9959,Sebring-AvonPark
2020-05-16,9576,Sebring-AvonPark
2020-05-17,9156,Sebring-AvonPark
2020-05-18,9772,Sebring-AvonPark
2020-05-19,9287,Sebring-AvonPark
2020-05-20,8925,Sebring-AvonPark
2020-05-21,9877,Sebring-AvonPark
2020-05-22,10680,Sebring-AvonPark
2020-05-23,9986,Sebring-AvonPark
2020-05-24,10014,Sebring-AvonPark
2020-05-25,10210,Sebring-AvonPark
2020-05-26,9624,Sebring-AvonPark
2020-05-27,9865,Sebring-AvonPark
2020-05-28,9854,Sebring-AvonPark
2020-05-29,10341,Sebring-AvonPark
2020-05-30,10241,Sebring-AvonPark
2020-05-31,9448,Sebring-AvonPark
2020-06-01,9438,Sebring-AvonPark
2020-06-02,9418,Sebring-AvonPark
2020-06-03,9486,Sebring-AvonPark
2020-06-04,9715,Sebring-AvonPark
2020-06-05,10183,Sebring-AvonPark
2020-06-06,9828,Sebring-AvonPark
2020-06-07,9317,Sebring-AvonPark
2020-06-08,8937,Sebring-AvonPark
2020-06-09,8113,Sebring-AvonPark
2020-06-10,643,Sebring-AvonPark
2020-06-11,1106,Sebring-AvonPark
2020-06-12,7208,Sebring-AvonPark
2020-06-13,9619,Sebring-AvonPark
2020-06-14,9370,Sebring-AvonPark
2020-06-15,8998,Sebring-AvonPark
2020-06-16,8663,Sebring-AvonPark
2020-06-17,8807,Sebring-AvonPark
2020-06-18,9229,Sebring-AvonPark
2020-06-19,10220,Sebring-AvonPark
2020-06-20,9569,Sebring-AvonPark
2020-06-21,9595,Sebring-AvonPark
2020-06-22,9255,Sebring-AvonPark
2020-06-23,8855,Sebring-AvonPark
2020-06-24,8711,Sebring-AvonPark
2020-06-25,8871,Sebring-AvonPark
2020-06-26,9419,Sebring-AvonPark
2020-06-27,8798,Sebring-AvonPark
2020-06-28,8679,Sebring-AvonPark
2020-06-29,8430,Sebring-AvonPark
2020-06-30,7593,Sebring-AvonPark
2019-12-29,229,Tulsa
2019-12-30,6644,Tulsa
2019-12-31,97682,Tulsa
2020-01-01,107366,Tulsa
2020-01-02,111221,Tulsa
2020-01-03,113699,Tulsa
2020-01-04,112640,Tulsa
2020-01-05,110171,Tulsa
2020-01-06,110020,Tulsa
2020-01-07,109630,Tulsa
2020-01-08,110328,Tulsa
2020-01-09,114460,Tulsa
2020-01-10,122431,Tulsa
2020-01-11,111905,Tulsa
2020-01-12,110941,Tulsa
2020-01-13,111875,Tulsa
2020-01-14,111687,Tulsa
2020-01-15,112126,Tulsa
2020-01-16,115042,Tulsa
2020-01-17,119162,Tulsa
2020-01-18,115347,Tulsa
2020-01-19,110935,Tulsa
2020-01-20,111570,Tulsa
2020-01-21,111751,Tulsa
2020-01-22,111185,Tulsa
2020-01-23,113223,Tulsa
2020-01-24,116735,Tulsa
2020-01-25,115149,Tulsa
2020-01-26,111338,Tulsa
2020-01-27,110878,Tulsa
2020-01-28,111652,Tulsa
2020-01-29,110721,Tulsa
2020-01-30,111250,Tulsa
2020-01-31,116623,Tulsa
2020-02-01,114600,Tulsa
2020-02-02,110583,Tulsa
2020-02-03,112060,Tulsa
2020-02-04,114618,Tulsa
2020-02-05,107172,Tulsa
2020-02-06,111124,Tulsa
2020-02-07,117383,Tulsa
2020-02-08,115137,Tulsa
2020-02-09,114357,Tulsa
2020-02-10,112311,Tulsa
2020-02-11,111989,Tulsa
2020-02-12,112574,Tulsa
2020-02-13,112983,Tulsa
2020-02-14,117419,Tulsa
2020-02-15,114842,Tulsa
2020-02-16,112095,Tulsa
2020-02-17,112135,Tulsa
2020-02-18,110317,Tulsa
2020-02-19,111034,Tulsa
2020-02-20,112411,Tulsa
2020-02-21,117114,Tulsa
2020-02-22,116121,Tulsa
2020-02-23,111923,Tulsa
2020-02-24,110438,Tulsa
2020-02-25,111594,Tulsa
2020-02-26,111196,Tulsa
2020-02-27,113057,Tulsa
2020-02-28,117325,Tulsa
2020-02-29,115774,Tulsa
2020-03-01,113056,Tulsa
2020-03-02,110110,Tulsa
2020-03-03,110040,Tulsa
2020-03-04,110709,Tulsa
2020-03-05,112235,Tulsa
2020-03-06,117701,Tulsa
2020-03-07,116396,Tulsa
2020-03-08,113686,Tulsa
2020-03-09,112496,Tulsa
2020-03-10,112260,Tulsa
2020-03-11,113318,Tulsa
2020-03-12,114219,Tulsa
2020-03-13,118603,Tulsa
2020-03-14,112559,Tulsa
2020-03-15,107456,Tulsa
2020-03-16,107618,Tulsa
2020-03-17,107454,Tulsa
2020-03-18,108823,Tulsa
2020-03-19,109789,Tulsa
2020-03-20,106965,Tulsa
2020-03-21,103432,Tulsa
2020-03-22,101329,Tulsa
2020-03-23,105360,Tulsa
2020-03-24,105385,Tulsa
2020-03-25,103290,Tulsa
2020-03-26,103165,Tulsa
2020-03-27,107088,Tulsa
2020-03-28,102961,Tulsa
2020-03-29,98921,Tulsa
2020-03-30,105624,Tulsa
2020-03-31,103567,Tulsa
2020-04-01,104121,Tulsa
2020-04-02,104495,Tulsa
2020-04-03,103728,Tulsa
2020-04-04,98390,Tulsa
2020-04-05,97078,Tulsa
2020-04-06,100679,Tulsa
2020-04-07,100988,Tulsa
2020-04-08,102508,Tulsa
2020-04-09,101335,Tulsa
2020-04-10,102456,Tulsa
2020-04-11,103993,Tulsa
2020-04-12,100778,Tulsa
2020-04-13,100989,Tulsa
2020-04-14,100606,Tulsa
2020-04-15,102506,Tulsa
2020-04-16,103129,Tulsa
2020-04-17,104216,Tulsa
2020-04-18,102108,Tulsa
2020-04-19,100912,Tulsa
2020-04-20,105852,Tulsa
2020-04-21,105056,Tulsa
2020-04-22,107841,Tulsa
2020-04-23,105017,Tulsa
2020-04-24,112334,Tulsa
2020-04-25,104531,Tulsa
2020-04-26,102534,Tulsa
2020-04-27,106790,Tulsa
2020-04-28,111481,Tulsa
2020-04-29,104559,Tulsa
2020-04-30,104600,Tulsa
2020-05-01,107503,Tulsa
2020-05-02,104069,Tulsa
2020-05-03,105129,Tulsa
2020-05-04,110131,Tulsa
2020-05-05,104678,Tulsa
2020-05-06,104130,Tulsa
2020-05-07,110060,Tulsa
2020-05-08,110335,Tulsa
2020-05-09,105905,Tulsa
2020-05-10,106761,Tulsa
2020-05-11,106130,Tulsa
2020-05-12,103656,Tulsa
2020-05-13,107983,Tulsa
2020-05-14,108909,Tulsa
2020-05-15,113378,Tulsa
2020-05-16,109337,Tulsa
2020-05-17,105161,Tulsa
2020-05-18,104298,Tulsa
2020-05-19,103741,Tulsa
2020-05-20,104995,Tulsa
2020-05-21,111317,Tulsa
2020-05-22,118709,Tulsa
2020-05-23,110084,Tulsa
2020-05-24,109904,Tulsa
2020-05-25,112822,Tulsa
2020-05-26,107867,Tulsa
2020-05-27,108641,Tulsa
2020-05-28,109285,Tulsa
2020-05-29,110498,Tulsa
2020-05-30,107461,Tulsa
2020-05-31,107349,Tulsa
2020-06-01,104178,Tulsa
2020-06-02,104359,Tulsa
2020-06-03,105439,Tulsa
2020-06-04,109178,Tulsa
2020-06-05,111902,Tulsa
2020-06-06,108021,Tulsa
2020-06-07,106953,Tulsa
2020-06-08,102927,Tulsa
2020-06-09,95422,Tulsa
2020-06-10,3462,Tulsa
2020-06-11,6148,Tulsa
2020-06-12,92086,Tulsa
2020-06-13,106407,Tulsa
2020-06-14,105591,Tulsa
2020-06-15,102317,Tulsa
2020-06-16,102061,Tulsa
2020-06-17,102773,Tulsa
2020-06-18,103965,Tulsa
2020-06-19,112943,Tulsa
2020-06-20,108220,Tulsa
2020-06-21,108775,Tulsa
2020-06-22,104575,Tulsa
2020-06-23,103767,Tulsa
2020-06-24,103178,Tulsa
2020-06-25,104431,Tulsa
2020-06-26,108849,Tulsa
2020-06-27,105858,Tulsa
2020-06-28,104448,Tulsa
2020-06-29,100229,Tulsa
2020-06-30,92531,Tulsa
2020-07-01,2,Tulsa
2019-12-29,37,Tyler
2019-12-30,1309,Tyler
2019-12-31,22574,Tyler
2020-01-01,27219,Tyler
2020-01-02,30175,Tyler
2020-01-03,31362,Tyler
2020-01-04,30988,Tyler
2020-01-05,29111,Tyler
2020-01-06,27916,Tyler
2020-01-07,27473,Tyler
2020-01-08,27377,Tyler
2020-01-09,28489,Tyler
2020-01-10,30169,Tyler
2020-01-11,30172,Tyler
2020-01-12,28297,Tyler
2020-01-13,28205,Tyler
2020-01-14,28258,Tyler
2020-01-15,28583,Tyler
2020-01-16,29106,Tyler
2020-01-17,31635,Tyler
2020-01-18,30665,Tyler
2020-01-19,28805,Tyler
2020-01-20,29533,Tyler
2020-01-21,28173,Tyler
2020-01-22,28044,Tyler
2020-01-23,28373,Tyler
2020-01-24,30772,Tyler
2020-01-25,30074,Tyler
2020-01-26,29051,Tyler
2020-01-27,28051,Tyler
2020-01-28,28103,Tyler
2020-01-29,27869,Tyler
2020-01-30,28491,Tyler
2020-01-31,30971,Tyler
2020-02-01,30627,Tyler
2020-02-02,28285,Tyler
2020-02-03,28494,Tyler
2020-02-04,28472,Tyler
2020-02-05,27968,Tyler
2020-02-06,28454,Tyler
2020-02-07,30843,Tyler
2020-02-08,30056,Tyler
2020-02-09,29249,Tyler
2020-02-10,28381,Tyler
2020-02-11,28377,Tyler
2020-02-12,28670,Tyler
2020-02-13,29313,Tyler
2020-02-14,31912,Tyler
2020-02-15,30648,Tyler
2020-02-16,29825,Tyler
2020-02-17,29981,Tyler
2020-02-18,28552,Tyler
2020-02-19,28542,Tyler
2020-02-20,29075,Tyler
2020-02-21,32302,Tyler
2020-02-22,31177,Tyler
2020-02-23,29975,Tyler
2020-02-24,28545,Tyler
2020-02-25,28369,Tyler
2020-02-26,28764,Tyler
2020-02-27,29897,Tyler
2020-02-28,32644,Tyler
2020-02-29,32107,Tyler
2020-03-01,30722,Tyler
2020-03-02,28650,Tyler
2020-03-03,28719,Tyler
2020-03-04,28540,Tyler
2020-03-05,29478,Tyler
2020-03-06,33129,Tyler
2020-03-07,33455,Tyler
2020-03-08,30861,Tyler
2020-03-09,28338,Tyler
2020-03-10,28265,Tyler
2020-03-11,29057,Tyler
2020-03-12,29994,Tyler
2020-03-13,31912,Tyler
2020-03-14,31378,Tyler
2020-03-15,29602,Tyler
2020-03-16,28335,Tyler
2020-03-17,28159,Tyler
2020-03-18,27776,Tyler
2020-03-19,28391,Tyler
2020-03-20,28080,Tyler
2020-03-21,25615,Tyler
2020-03-22,24206,Tyler
2020-03-23,25396,Tyler
2020-03-24,24980,Tyler
2020-03-25,24877,Tyler
2020-03-26,24884,Tyler
2020-03-27,25234,Tyler
2020-03-28,23717,Tyler
2020-03-29,22818,Tyler
2020-03-30,24909,Tyler
2020-03-31,24652,Tyler
2020-04-01,24660,Tyler
2020-04-02,24533,Tyler
2020-04-03,25055,Tyler
2020-04-04,22820,Tyler
2020-04-05,21905,Tyler
2020-04-06,23671,Tyler
2020-04-07,23735,Tyler
2020-04-08,23980,Tyler
2020-04-09,24692,Tyler
2020-04-10,24514,Tyler
2020-04-11,23607,Tyler
2020-04-12,23577,Tyler
2020-04-13,24340,Tyler
2020-04-14,24168,Tyler
2020-04-15,24464,Tyler
2020-04-16,24560,Tyler
2020-04-17,25604,Tyler
2020-04-18,24840,Tyler
2020-04-19,23356,Tyler
2020-04-20,24643,Tyler
2020-04-21,24979,Tyler
2020-04-22,25580,Tyler
2020-04-23,25483,Tyler
2020-04-24,27190,Tyler
2020-04-25,25572,Tyler
2020-04-26,24079,Tyler
2020-04-27,25090,Tyler
2020-04-28,26223,Tyler
2020-04-29,25887,Tyler
2020-04-30,25534,Tyler
2020-05-01,26857,Tyler
2020-05-02,25766,Tyler
2020-05-03,24733,Tyler
2020-05-04,25429,Tyler
2020-05-05,25904,Tyler
2020-05-06,25572,Tyler
2020-05-07,26626,Tyler
2020-05-08,28477,Tyler
2020-05-09,27145,Tyler
2020-05-10,26395,Tyler
2020-05-11,25868,Tyler
2020-05-12,25931,Tyler
2020-05-13,26498,Tyler
2020-05-14,26723,Tyler
2020-05-15,28736,Tyler
2020-05-16,26933,Tyler
2020-05-17,25784,Tyler
2020-05-18,26088,Tyler
2020-05-19,26256,Tyler
2020-05-20,26624,Tyler
2020-05-21,27800,Tyler
2020-05-22,30905,Tyler
2020-05-23,29571,Tyler
2020-05-24,27885,Tyler
2020-05-25,28031,Tyler
2020-05-26,27446,Tyler
2020-05-27,27602,Tyler
2020-05-28,28194,Tyler
2020-05-29,29757,Tyler
2020-05-30,29330,Tyler
2020-05-31,28142,Tyler
2020-06-01,27114,Tyler
2020-06-02,26888,Tyler
2020-06-03,27121,Tyler
2020-06-04,27998,Tyler
2020-06-05,29721,Tyler
2020-06-06,30066,Tyler
2020-06-07,28299,Tyler
2020-06-08,26450,Tyler
2020-06-09,24619,Tyler
2020-06-10,667,Tyler
2020-06-11,1216,Tyler
2020-06-12,21028,Tyler
2020-06-13,30167,Tyler
2020-06-14,28971,Tyler
2020-06-15,27281,Tyler
2020-06-16,27387,Tyler
2020-06-17,26911,Tyler
2020-06-18,27922,Tyler
2020-06-19,31201,Tyler
2020-06-20,32049,Tyler
2020-06-21,31016,Tyler
2020-06-22,27964,Tyler
2020-06-23,27602,Tyler
2020-06-24,27578,Tyler
2020-06-25,28155,Tyler
2020-06-26,30922,Tyler
2020-06-27,30451,Tyler
2020-06-28,28900,Tyler
2020-06-29,26559,Tyler
2020-06-30,24009,Tyler
